2026-05-04 10:20:51,484 - INFO - Searching for CSV files in: C:\Users\dell\Desktop\payflow_case_study\data_base\raw_data
2026-05-04 10:20:51,486 - INFO - Found 9 CSV files to process.
2026-05-04 10:20:51,820 - INFO - Exploring olist_customers_dataset.csv...
2026-05-04 10:20:51,821 - INFO - 
==================================================
2026-05-04 10:20:51,821 - INFO - 🔷 📊 SUMMARY OF olist_customers_dataset.csv
2026-05-04 10:20:51,822 - INFO - ===============================

2026-05-04 10:20:51,822 - INFO - Shape of olist_customers_dataset.csv: (99441, 5)
2026-05-04 10:20:51,844 - INFO - Heading of olist_customers_dataset.csv:
                        customer_id                customer_unique_id  customer_zip_code_prefix          customer_city customer_state
0  06b8999e2fba1a1fbc88172c00ba8bc7  861eff4711a542e4b93843c6dd7febb0                     14409                 franca             SP
1  18955e83d337fd6b2def6b18a428ac77  290c77bc529b7ac935b93aa66c333dc3                      9790  sao bernardo do campo             SP
2  4e7b3e00288586ebd08712fdd0374a03  060e732b5b29e8181a18229c7b0b2b5e                      1151              sao paulo             SP
3  b2b6027bc5c5109e529d4dc6358b12c3  259dac757896d24d7702b9acbbff3f3c                      8775        mogi das cruzes             SP
4  4f2d8ab171c80ec8364f7c12e35b23ad  345ecd01c38d18a9036ed96c73b8d066                     13056               campinas             SP
2026-05-04 10:20:51,845 - INFO - Columns in olist_customers_dataset.csv: ['customer_id', 'customer_unique_id', 'customer_zip_code_prefix', 'customer_city', 'customer_state']
2026-05-04 10:20:51,847 - INFO - Data types in olist_customers_dataset.csv:
customer_id                   str
customer_unique_id            str
customer_zip_code_prefix    int64
customer_city                 str
customer_state                str
dtype: object
2026-05-04 10:20:51,881 - INFO - Missing values in olist_customers_dataset.csv:
customer_id                 0
customer_unique_id          0
customer_zip_code_prefix    0
customer_city               0
customer_state              0
dtype: int64
2026-05-04 10:20:51,882 - INFO - [92m🎉 Data exploration completed for olist_customers_dataset.csv.[0m

2026-05-04 10:20:53,695 - INFO - Exploring olist_geolocation_dataset.csv...
2026-05-04 10:20:53,696 - INFO - 
==================================================
2026-05-04 10:20:53,696 - INFO - 🔷 📊 SUMMARY OF olist_geolocation_dataset.csv
2026-05-04 10:20:53,697 - INFO - ===============================

2026-05-04 10:20:53,697 - INFO - Shape of olist_geolocation_dataset.csv: (1000163, 5)
2026-05-04 10:20:53,718 - INFO - Heading of olist_geolocation_dataset.csv:
   geolocation_zip_code_prefix  geolocation_lat  geolocation_lng geolocation_city geolocation_state
0                         1037       -23.545621       -46.639292        sao paulo                SP
1                         1046       -23.546081       -46.644820        sao paulo                SP
2                         1046       -23.546129       -46.642951        sao paulo                SP
3                         1041       -23.544392       -46.639499        sao paulo                SP
4                         1035       -23.541578       -46.641607        sao paulo                SP
2026-05-04 10:20:53,720 - INFO - Columns in olist_geolocation_dataset.csv: ['geolocation_zip_code_prefix', 'geolocation_lat', 'geolocation_lng', 'geolocation_city', 'geolocation_state']
2026-05-04 10:20:53,722 - INFO - Data types in olist_geolocation_dataset.csv:
geolocation_zip_code_prefix      int64
geolocation_lat                float64
geolocation_lng                float64
geolocation_city                   str
geolocation_state                  str
dtype: object
2026-05-04 10:20:53,885 - INFO - Missing values in olist_geolocation_dataset.csv:
geolocation_zip_code_prefix    0
geolocation_lat                0
geolocation_lng                0
geolocation_city               0
geolocation_state              0
dtype: int64
2026-05-04 10:20:53,886 - INFO - [92m🎉 Data exploration completed for olist_geolocation_dataset.csv.[0m

2026-05-04 10:20:54,976 - INFO - Exploring olist_orders_dataset.csv...
2026-05-04 10:20:54,976 - INFO - 
==================================================
2026-05-04 10:20:54,977 - INFO - 🔷 📊 SUMMARY OF olist_orders_dataset.csv
2026-05-04 10:20:54,977 - INFO - ===============================

2026-05-04 10:20:54,978 - INFO - Shape of olist_orders_dataset.csv: (99441, 8)
2026-05-04 10:20:55,008 - INFO - Heading of olist_orders_dataset.csv:
                           order_id                       customer_id  ... order_delivered_customer_date order_estimated_delivery_date
0  e481f51cbdc54678b7cc49136f2d6af7  9ef432eb6251297304e76186b10a928d  ...           2017-10-10 21:25:13           2017-10-18 00:00:00
1  53cdb2fc8bc7dce0b6741e2150273451  b0830fb4747a6c6d20dea0b8c802d7ef  ...           2018-08-07 15:27:45           2018-08-13 00:00:00
2  47770eb9100c2d0c44946d9cf07ec65d  41ce2a54c0b03bf3443c3d931a367089  ...           2018-08-17 18:06:29           2018-09-04 00:00:00
3  949d5b44dbf5de918fe9c16f97b45f8a  f88197465ea7920adcdbec7375364d82  ...           2017-12-02 00:28:42           2017-12-15 00:00:00
4  ad21c59c0840e6cb83a9ceb5573f8159  8ab97904e6daea8866dbdbc4fb7aad2c  ...           2018-02-16 18:17:02           2018-02-26 00:00:00

[5 rows x 8 columns]
2026-05-04 10:20:55,008 - INFO - Columns in olist_orders_dataset.csv: ['order_id', 'customer_id', 'order_status', 'order_purchase_timestamp', 'order_approved_at', 'order_delivered_carrier_date', 'order_delivered_customer_date', 'order_estimated_delivery_date']
2026-05-04 10:20:55,011 - INFO - Data types in olist_orders_dataset.csv:
order_id                         str
customer_id                      str
order_status                     str
order_purchase_timestamp         str
order_approved_at                str
order_delivered_carrier_date     str
order_delivered_customer_date    str
order_estimated_delivery_date    str
dtype: object
2026-05-04 10:20:55,098 - INFO - Missing values in olist_orders_dataset.csv:
order_id                            0
customer_id                         0
order_status                        0
order_purchase_timestamp            0
order_approved_at                 160
order_delivered_carrier_date     1783
order_delivered_customer_date    2965
order_estimated_delivery_date       0
dtype: int64
2026-05-04 10:20:55,099 - INFO - [92m🎉 Data exploration completed for olist_orders_dataset.csv.[0m

2026-05-04 10:20:55,901 - INFO - Exploring olist_order_items_dataset.csv...
2026-05-04 10:20:55,902 - INFO - 
==================================================
2026-05-04 10:20:55,902 - INFO - 🔷 📊 SUMMARY OF olist_order_items_dataset.csv
2026-05-04 10:20:55,903 - INFO - ===============================

2026-05-04 10:20:55,903 - INFO - Shape of olist_order_items_dataset.csv: (112650, 7)
2026-05-04 10:20:55,927 - INFO - Heading of olist_order_items_dataset.csv:
                           order_id  order_item_id                        product_id  ...  shipping_limit_date   price  freight_value
0  00010242fe8c5a6d1ba2dd792cb16214              1  4244733e06e7ecb4970a6e2683c13e61  ...  2017-09-19 09:45:35   58.90          13.29
1  00018f77f2f0320c557190d7a144bdd3              1  e5f2d52b802189ee658865ca93d83a8f  ...  2017-05-03 11:05:13  239.90          19.93
2  000229ec398224ef6ca0657da4fc703e              1  c777355d18b72b67abbeef9df44fd0fd  ...  2018-01-18 14:48:30  199.00          17.87
3  00024acbcdf0a6daa1e931b038114c75              1  7634da152a4610f1595efa32f14722fc  ...  2018-08-15 10:10:18   12.99          12.79
4  00042b26cf59d7ce69dfabb4e55b4fd9              1  ac6c3623068f30de03045865e4e10089  ...  2017-02-13 13:57:51  199.90          18.14

[5 rows x 7 columns]
2026-05-04 10:20:55,928 - INFO - Columns in olist_order_items_dataset.csv: ['order_id', 'order_item_id', 'product_id', 'seller_id', 'shipping_limit_date', 'price', 'freight_value']
2026-05-04 10:20:55,930 - INFO - Data types in olist_order_items_dataset.csv:
order_id                   str
order_item_id            int64
product_id                 str
seller_id                  str
shipping_limit_date        str
price                  float64
freight_value          float64
dtype: object
2026-05-04 10:20:55,983 - INFO - Missing values in olist_order_items_dataset.csv:
order_id               0
order_item_id          0
product_id             0
seller_id              0
shipping_limit_date    0
price                  0
freight_value          0
dtype: int64
2026-05-04 10:20:55,984 - INFO - [92m🎉 Data exploration completed for olist_order_items_dataset.csv.[0m

2026-05-04 10:20:56,264 - INFO - Exploring olist_order_payments_dataset.csv...
2026-05-04 10:20:56,265 - INFO - 
==================================================
2026-05-04 10:20:56,266 - INFO - 🔷 📊 SUMMARY OF olist_order_payments_dataset.csv
2026-05-04 10:20:56,266 - INFO - ===============================

2026-05-04 10:20:56,267 - INFO - Shape of olist_order_payments_dataset.csv: (103886, 5)
2026-05-04 10:20:56,284 - INFO - Heading of olist_order_payments_dataset.csv:
                           order_id  payment_sequential payment_type  payment_installments  payment_value
0  b81ef226f3fe1789b1e8b2acac839d17                   1  credit_card                     8          99.33
1  a9810da82917af2d9aefd1278f1dcfa0                   1  credit_card                     1          24.39
2  25e8ea4e93396b6fa0d3dd708e76c1bd                   1  credit_card                     1          65.71
3  ba78997921bbcdc1373bb41e913ab953                   1  credit_card                     8         107.78
4  42fdf880ba16b47b59251dd489d4441a                   1  credit_card                     2         128.45
2026-05-04 10:20:56,285 - INFO - Columns in olist_order_payments_dataset.csv: ['order_id', 'payment_sequential', 'payment_type', 'payment_installments', 'payment_value']
2026-05-04 10:20:56,287 - INFO - Data types in olist_order_payments_dataset.csv:
order_id                    str
payment_sequential        int64
payment_type                str
payment_installments      int64
payment_value           float64
dtype: object
2026-05-04 10:20:56,311 - INFO - Missing values in olist_order_payments_dataset.csv:
order_id                0
payment_sequential      0
payment_type            0
payment_installments    0
payment_value           0
dtype: int64
2026-05-04 10:20:56,311 - INFO - [92m🎉 Data exploration completed for olist_order_payments_dataset.csv.[0m

2026-05-04 10:20:57,290 - INFO - Exploring olist_order_reviews_dataset.csv...
2026-05-04 10:20:57,291 - INFO - 
==================================================
2026-05-04 10:20:57,291 - INFO - 🔷 📊 SUMMARY OF olist_order_reviews_dataset.csv
2026-05-04 10:20:57,291 - INFO - ===============================

2026-05-04 10:20:57,292 - INFO - Shape of olist_order_reviews_dataset.csv: (99224, 7)
2026-05-04 10:20:57,311 - INFO - Heading of olist_order_reviews_dataset.csv:
                          review_id                          order_id  ...  review_creation_date review_answer_timestamp
0  7bc2406110b926393aa56f80a40eba40  73fc7af87114b39712e6da79b0a377eb  ...   2018-01-18 00:00:00     2018-01-18 21:46:59
1  80e641a11e56f04c1ad469d5645fdfde  a548910a1c6147796b98fdf73dbeba33  ...   2018-03-10 00:00:00     2018-03-11 03:05:13
2  228ce5500dc1d8e020d8d1322874b6f0  f9e4b658b201a9f2ecdecbb34bed034b  ...   2018-02-17 00:00:00     2018-02-18 14:36:24
3  e64fb393e7b32834bb789ff8bb30750e  658677c97b385a9be170737859d3511b  ...   2017-04-21 00:00:00     2017-04-21 22:02:06
4  f7c4243c7fe1938f181bec41a392bdeb  8e6bfb81e283fa7e4f11123a3fb894f1  ...   2018-03-01 00:00:00     2018-03-02 10:26:53

[5 rows x 7 columns]
2026-05-04 10:20:57,312 - INFO - Columns in olist_order_reviews_dataset.csv: ['review_id', 'order_id', 'review_score', 'review_comment_title', 'review_comment_message', 'review_creation_date', 'review_answer_timestamp']
2026-05-04 10:20:57,314 - INFO - Data types in olist_order_reviews_dataset.csv:
review_id                    str
order_id                     str
review_score               int64
review_comment_title         str
review_comment_message       str
review_creation_date         str
review_answer_timestamp      str
dtype: object
2026-05-04 10:20:57,367 - INFO - Missing values in olist_order_reviews_dataset.csv:
review_id                      0
order_id                       0
review_score                   0
review_comment_title       87656
review_comment_message     58247
review_creation_date           0
review_answer_timestamp        0
dtype: int64
2026-05-04 10:20:57,368 - INFO - [92m🎉 Data exploration completed for olist_order_reviews_dataset.csv.[0m

2026-05-04 10:20:57,567 - INFO - Exploring olist_products_dataset.csv...
2026-05-04 10:20:57,568 - INFO - 
==================================================
2026-05-04 10:20:57,568 - INFO - 🔷 📊 SUMMARY OF olist_products_dataset.csv
2026-05-04 10:20:57,569 - INFO - ===============================

2026-05-04 10:20:57,569 - INFO - Shape of olist_products_dataset.csv: (32951, 9)
2026-05-04 10:20:57,603 - INFO - Heading of olist_products_dataset.csv:
                         product_id  product_category_name  product_name_lenght  ...  product_length_cm  product_height_cm  product_width_cm
0  1e9e8ef04dbcff4541ed26657ea517e5             perfumaria                 40.0  ...               16.0               10.0              14.0
1  3aa071139cb16b67ca9e5dea641aaa2f                  artes                 44.0  ...               30.0               18.0              20.0
2  96bd76ec8810374ed1b65e291975717f          esporte_lazer                 46.0  ...               18.0                9.0              15.0
3  cef67bcfe19066a932b7673e239eb23d                  bebes                 27.0  ...               26.0                4.0              26.0
4  9dc1a7de274444849c219cff195d0b71  utilidades_domesticas                 37.0  ...               20.0               17.0              13.0

[5 rows x 9 columns]
2026-05-04 10:20:57,604 - INFO - Columns in olist_products_dataset.csv: ['product_id', 'product_category_name', 'product_name_lenght', 'product_description_lenght', 'product_photos_qty', 'product_weight_g', 'product_length_cm', 'product_height_cm', 'product_width_cm']
2026-05-04 10:20:57,606 - INFO - Data types in olist_products_dataset.csv:
product_id                        str
product_category_name             str
product_name_lenght           float64
product_description_lenght    float64
product_photos_qty            float64
product_weight_g              float64
product_length_cm             float64
product_height_cm             float64
product_width_cm              float64
dtype: object
2026-05-04 10:20:57,616 - INFO - Missing values in olist_products_dataset.csv:
product_id                      0
product_category_name         610
product_name_lenght           610
product_description_lenght    610
product_photos_qty            610
product_weight_g                2
product_length_cm               2
product_height_cm               2
product_width_cm                2
dtype: int64
2026-05-04 10:20:57,616 - INFO - [92m🎉 Data exploration completed for olist_products_dataset.csv.[0m

2026-05-04 10:20:57,638 - INFO - Exploring olist_sellers_dataset.csv...
2026-05-04 10:20:57,638 - INFO - 
==================================================
2026-05-04 10:20:57,639 - INFO - 🔷 📊 SUMMARY OF olist_sellers_dataset.csv
2026-05-04 10:20:57,639 - INFO - ===============================

2026-05-04 10:20:57,640 - INFO - Shape of olist_sellers_dataset.csv: (3095, 4)
2026-05-04 10:20:57,655 - INFO - Heading of olist_sellers_dataset.csv:
                          seller_id  seller_zip_code_prefix        seller_city seller_state
0  3442f8959a84dea7ee197c632cb2df15                   13023           campinas           SP
1  d1b65fc7debc3361ea86b5f14c68d2e2                   13844         mogi guacu           SP
2  ce3ad9de960102d0677a81f5d0bb7b2d                   20031     rio de janeiro           RJ
3  c0f3eea2e14555b6faeea3dd58c1b1c3                    4195          sao paulo           SP
4  51a04a8a6bdcb23deccc82b0b80742cf                   12914  braganca paulista           SP
2026-05-04 10:20:57,656 - INFO - Columns in olist_sellers_dataset.csv: ['seller_id', 'seller_zip_code_prefix', 'seller_city', 'seller_state']
2026-05-04 10:20:57,657 - INFO - Data types in olist_sellers_dataset.csv:
seller_id                   str
seller_zip_code_prefix    int64
seller_city                 str
seller_state                str
dtype: object
2026-05-04 10:20:57,660 - INFO - Missing values in olist_sellers_dataset.csv:
seller_id                 0
seller_zip_code_prefix    0
seller_city               0
seller_state              0
dtype: int64
2026-05-04 10:20:57,661 - INFO - [92m🎉 Data exploration completed for olist_sellers_dataset.csv.[0m

2026-05-04 10:20:57,669 - INFO - Exploring product_category_name_translation.csv...
2026-05-04 10:20:57,669 - INFO - 
==================================================
2026-05-04 10:20:57,670 - INFO - 🔷 📊 SUMMARY OF product_category_name_translation.csv
2026-05-04 10:20:57,670 - INFO - ===============================

2026-05-04 10:20:57,671 - INFO - Shape of product_category_name_translation.csv: (71, 2)
2026-05-04 10:20:57,679 - INFO - Heading of product_category_name_translation.csv:
    product_category_name product_category_name_english
0            beleza_saude                 health_beauty
1  informatica_acessorios         computers_accessories
2              automotivo                          auto
3         cama_mesa_banho                bed_bath_table
4        moveis_decoracao               furniture_decor
2026-05-04 10:20:57,680 - INFO - Columns in product_category_name_translation.csv: ['product_category_name', 'product_category_name_english']
2026-05-04 10:20:57,682 - INFO - Data types in product_category_name_translation.csv:
product_category_name            str
product_category_name_english    str
dtype: object
2026-05-04 10:20:57,685 - INFO - Missing values in product_category_name_translation.csv:
product_category_name            0
product_category_name_english    0
dtype: int64
2026-05-04 10:20:57,685 - INFO - [92m🎉 Data exploration completed for product_category_name_translation.csv.[0m

2026-05-04 10:20:57,687 - INFO - 
=== Summary Table ===
2026-05-04 10:20:57,690 - INFO - 
                                 File    Rows  Columns  Total Nulls
          olist_customers_dataset.csv   99441        5            0
        olist_geolocation_dataset.csv 1000163        5            0
             olist_orders_dataset.csv   99441        8         4908
        olist_order_items_dataset.csv  112650        7            0
     olist_order_payments_dataset.csv  103886        5            0
      olist_order_reviews_dataset.csv   99224        7       145903
           olist_products_dataset.csv   32951        9         2448
            olist_sellers_dataset.csv    3095        4            0
product_category_name_translation.csv      71        2            0

2026-05-04 10:20:57,691 - INFO - ⏱️ Step completed in 6.21s

2026-05-04 10:23:16,269 - INFO - Searching for CSV files in: C:\Users\dell\Desktop\payflow_case_study\data_base\raw_data
2026-05-04 10:23:16,272 - INFO - Found 9 CSV files to process.
2026-05-04 10:23:16,844 - INFO - Exploring olist_customers_dataset.csv...
2026-05-04 10:23:16,845 - INFO - 
==================================================
2026-05-04 10:23:16,845 - INFO - 🔷 📊 SUMMARY OF olist_customers_dataset.csv
2026-05-04 10:23:16,846 - INFO - ===============================

2026-05-04 10:23:16,847 - INFO - Shape of olist_customers_dataset.csv: (99441, 5)
2026-05-04 10:23:16,895 - INFO - Heading of olist_customers_dataset.csv:
                        customer_id                customer_unique_id  customer_zip_code_prefix          customer_city customer_state
0  06b8999e2fba1a1fbc88172c00ba8bc7  861eff4711a542e4b93843c6dd7febb0                     14409                 franca             SP
1  18955e83d337fd6b2def6b18a428ac77  290c77bc529b7ac935b93aa66c333dc3                      9790  sao bernardo do campo             SP
2  4e7b3e00288586ebd08712fdd0374a03  060e732b5b29e8181a18229c7b0b2b5e                      1151              sao paulo             SP
3  b2b6027bc5c5109e529d4dc6358b12c3  259dac757896d24d7702b9acbbff3f3c                      8775        mogi das cruzes             SP
4  4f2d8ab171c80ec8364f7c12e35b23ad  345ecd01c38d18a9036ed96c73b8d066                     13056               campinas             SP
2026-05-04 10:23:16,897 - INFO - Columns in olist_customers_dataset.csv: ['customer_id', 'customer_unique_id', 'customer_zip_code_prefix', 'customer_city', 'customer_state']
2026-05-04 10:23:16,901 - INFO - Data types in olist_customers_dataset.csv:
customer_id                   str
customer_unique_id            str
customer_zip_code_prefix    int64
customer_city                 str
customer_state                str
dtype: object
2026-05-04 10:23:16,963 - INFO - Missing values in olist_customers_dataset.csv:
customer_id                 0
customer_unique_id          0
customer_zip_code_prefix    0
customer_city               0
customer_state              0
dtype: int64
2026-05-04 10:23:16,964 - INFO - [92m🎉 Data exploration completed for olist_customers_dataset.csv.[0m

2026-05-04 10:23:18,716 - INFO - Exploring olist_geolocation_dataset.csv...
2026-05-04 10:23:18,717 - INFO - 
==================================================
2026-05-04 10:23:18,718 - INFO - 🔷 📊 SUMMARY OF olist_geolocation_dataset.csv
2026-05-04 10:23:18,718 - INFO - ===============================

2026-05-04 10:23:18,719 - INFO - Shape of olist_geolocation_dataset.csv: (1000163, 5)
2026-05-04 10:23:18,741 - INFO - Heading of olist_geolocation_dataset.csv:
   geolocation_zip_code_prefix  geolocation_lat  geolocation_lng geolocation_city geolocation_state
0                         1037       -23.545621       -46.639292        sao paulo                SP
1                         1046       -23.546081       -46.644820        sao paulo                SP
2                         1046       -23.546129       -46.642951        sao paulo                SP
3                         1041       -23.544392       -46.639499        sao paulo                SP
4                         1035       -23.541578       -46.641607        sao paulo                SP
2026-05-04 10:23:18,741 - INFO - Columns in olist_geolocation_dataset.csv: ['geolocation_zip_code_prefix', 'geolocation_lat', 'geolocation_lng', 'geolocation_city', 'geolocation_state']
2026-05-04 10:23:18,743 - INFO - Data types in olist_geolocation_dataset.csv:
geolocation_zip_code_prefix      int64
geolocation_lat                float64
geolocation_lng                float64
geolocation_city                   str
geolocation_state                  str
dtype: object
2026-05-04 10:23:18,934 - INFO - Missing values in olist_geolocation_dataset.csv:
geolocation_zip_code_prefix    0
geolocation_lat                0
geolocation_lng                0
geolocation_city               0
geolocation_state              0
dtype: int64
2026-05-04 10:23:18,935 - INFO - [92m🎉 Data exploration completed for olist_geolocation_dataset.csv.[0m

2026-05-04 10:23:19,921 - INFO - Exploring olist_orders_dataset.csv...
2026-05-04 10:23:19,921 - INFO - 
==================================================
2026-05-04 10:23:19,922 - INFO - 🔷 📊 SUMMARY OF olist_orders_dataset.csv
2026-05-04 10:23:19,922 - INFO - ===============================

2026-05-04 10:23:19,923 - INFO - Shape of olist_orders_dataset.csv: (99441, 8)
2026-05-04 10:23:19,946 - INFO - Heading of olist_orders_dataset.csv:
                           order_id                       customer_id  ... order_delivered_customer_date order_estimated_delivery_date
0  e481f51cbdc54678b7cc49136f2d6af7  9ef432eb6251297304e76186b10a928d  ...           2017-10-10 21:25:13           2017-10-18 00:00:00
1  53cdb2fc8bc7dce0b6741e2150273451  b0830fb4747a6c6d20dea0b8c802d7ef  ...           2018-08-07 15:27:45           2018-08-13 00:00:00
2  47770eb9100c2d0c44946d9cf07ec65d  41ce2a54c0b03bf3443c3d931a367089  ...           2018-08-17 18:06:29           2018-09-04 00:00:00
3  949d5b44dbf5de918fe9c16f97b45f8a  f88197465ea7920adcdbec7375364d82  ...           2017-12-02 00:28:42           2017-12-15 00:00:00
4  ad21c59c0840e6cb83a9ceb5573f8159  8ab97904e6daea8866dbdbc4fb7aad2c  ...           2018-02-16 18:17:02           2018-02-26 00:00:00

[5 rows x 8 columns]
2026-05-04 10:23:19,947 - INFO - Columns in olist_orders_dataset.csv: ['order_id', 'customer_id', 'order_status', 'order_purchase_timestamp', 'order_approved_at', 'order_delivered_carrier_date', 'order_delivered_customer_date', 'order_estimated_delivery_date']
2026-05-04 10:23:19,949 - INFO - Data types in olist_orders_dataset.csv:
order_id                         str
customer_id                      str
order_status                     str
order_purchase_timestamp         str
order_approved_at                str
order_delivered_carrier_date     str
order_delivered_customer_date    str
order_estimated_delivery_date    str
dtype: object
2026-05-04 10:23:20,012 - INFO - Missing values in olist_orders_dataset.csv:
order_id                            0
customer_id                         0
order_status                        0
order_purchase_timestamp            0
order_approved_at                 160
order_delivered_carrier_date     1783
order_delivered_customer_date    2965
order_estimated_delivery_date       0
dtype: int64
2026-05-04 10:23:20,013 - INFO - [92m🎉 Data exploration completed for olist_orders_dataset.csv.[0m

2026-05-04 10:23:20,563 - INFO - Exploring olist_order_items_dataset.csv...
2026-05-04 10:23:20,564 - INFO - 
==================================================
2026-05-04 10:23:20,565 - INFO - 🔷 📊 SUMMARY OF olist_order_items_dataset.csv
2026-05-04 10:23:20,565 - INFO - ===============================

2026-05-04 10:23:20,566 - INFO - Shape of olist_order_items_dataset.csv: (112650, 7)
2026-05-04 10:23:20,587 - INFO - Heading of olist_order_items_dataset.csv:
                           order_id  order_item_id                        product_id  ...  shipping_limit_date   price  freight_value
0  00010242fe8c5a6d1ba2dd792cb16214              1  4244733e06e7ecb4970a6e2683c13e61  ...  2017-09-19 09:45:35   58.90          13.29
1  00018f77f2f0320c557190d7a144bdd3              1  e5f2d52b802189ee658865ca93d83a8f  ...  2017-05-03 11:05:13  239.90          19.93
2  000229ec398224ef6ca0657da4fc703e              1  c777355d18b72b67abbeef9df44fd0fd  ...  2018-01-18 14:48:30  199.00          17.87
3  00024acbcdf0a6daa1e931b038114c75              1  7634da152a4610f1595efa32f14722fc  ...  2018-08-15 10:10:18   12.99          12.79
4  00042b26cf59d7ce69dfabb4e55b4fd9              1  ac6c3623068f30de03045865e4e10089  ...  2017-02-13 13:57:51  199.90          18.14

[5 rows x 7 columns]
2026-05-04 10:23:20,588 - INFO - Columns in olist_order_items_dataset.csv: ['order_id', 'order_item_id', 'product_id', 'seller_id', 'shipping_limit_date', 'price', 'freight_value']
2026-05-04 10:23:20,590 - INFO - Data types in olist_order_items_dataset.csv:
order_id                   str
order_item_id            int64
product_id                 str
seller_id                  str
shipping_limit_date        str
price                  float64
freight_value          float64
dtype: object
2026-05-04 10:23:20,639 - INFO - Missing values in olist_order_items_dataset.csv:
order_id               0
order_item_id          0
product_id             0
seller_id              0
shipping_limit_date    0
price                  0
freight_value          0
dtype: int64
2026-05-04 10:23:20,640 - INFO - [92m🎉 Data exploration completed for olist_order_items_dataset.csv.[0m

2026-05-04 10:23:20,949 - INFO - Exploring olist_order_payments_dataset.csv...
2026-05-04 10:23:20,950 - INFO - 
==================================================
2026-05-04 10:23:20,951 - INFO - 🔷 📊 SUMMARY OF olist_order_payments_dataset.csv
2026-05-04 10:23:20,951 - INFO - ===============================

2026-05-04 10:23:20,952 - INFO - Shape of olist_order_payments_dataset.csv: (103886, 5)
2026-05-04 10:23:20,968 - INFO - Heading of olist_order_payments_dataset.csv:
                           order_id  payment_sequential payment_type  payment_installments  payment_value
0  b81ef226f3fe1789b1e8b2acac839d17                   1  credit_card                     8          99.33
1  a9810da82917af2d9aefd1278f1dcfa0                   1  credit_card                     1          24.39
2  25e8ea4e93396b6fa0d3dd708e76c1bd                   1  credit_card                     1          65.71
3  ba78997921bbcdc1373bb41e913ab953                   1  credit_card                     8         107.78
4  42fdf880ba16b47b59251dd489d4441a                   1  credit_card                     2         128.45
2026-05-04 10:23:20,969 - INFO - Columns in olist_order_payments_dataset.csv: ['order_id', 'payment_sequential', 'payment_type', 'payment_installments', 'payment_value']
2026-05-04 10:23:20,971 - INFO - Data types in olist_order_payments_dataset.csv:
order_id                    str
payment_sequential        int64
payment_type                str
payment_installments      int64
payment_value           float64
dtype: object
2026-05-04 10:23:20,996 - INFO - Missing values in olist_order_payments_dataset.csv:
order_id                0
payment_sequential      0
payment_type            0
payment_installments    0
payment_value           0
dtype: int64
2026-05-04 10:23:20,997 - INFO - [92m🎉 Data exploration completed for olist_order_payments_dataset.csv.[0m

2026-05-04 10:23:21,799 - INFO - Exploring olist_order_reviews_dataset.csv...
2026-05-04 10:23:21,799 - INFO - 
==================================================
2026-05-04 10:23:21,800 - INFO - 🔷 📊 SUMMARY OF olist_order_reviews_dataset.csv
2026-05-04 10:23:21,801 - INFO - ===============================

2026-05-04 10:23:21,801 - INFO - Shape of olist_order_reviews_dataset.csv: (99224, 7)
2026-05-04 10:23:21,826 - INFO - Heading of olist_order_reviews_dataset.csv:
                          review_id                          order_id  ...  review_creation_date review_answer_timestamp
0  7bc2406110b926393aa56f80a40eba40  73fc7af87114b39712e6da79b0a377eb  ...   2018-01-18 00:00:00     2018-01-18 21:46:59
1  80e641a11e56f04c1ad469d5645fdfde  a548910a1c6147796b98fdf73dbeba33  ...   2018-03-10 00:00:00     2018-03-11 03:05:13
2  228ce5500dc1d8e020d8d1322874b6f0  f9e4b658b201a9f2ecdecbb34bed034b  ...   2018-02-17 00:00:00     2018-02-18 14:36:24
3  e64fb393e7b32834bb789ff8bb30750e  658677c97b385a9be170737859d3511b  ...   2017-04-21 00:00:00     2017-04-21 22:02:06
4  f7c4243c7fe1938f181bec41a392bdeb  8e6bfb81e283fa7e4f11123a3fb894f1  ...   2018-03-01 00:00:00     2018-03-02 10:26:53

[5 rows x 7 columns]
2026-05-04 10:23:21,827 - INFO - Columns in olist_order_reviews_dataset.csv: ['review_id', 'order_id', 'review_score', 'review_comment_title', 'review_comment_message', 'review_creation_date', 'review_answer_timestamp']
2026-05-04 10:23:21,831 - INFO - Data types in olist_order_reviews_dataset.csv:
review_id                    str
order_id                     str
review_score               int64
review_comment_title         str
review_comment_message       str
review_creation_date         str
review_answer_timestamp      str
dtype: object
2026-05-04 10:23:21,904 - INFO - Missing values in olist_order_reviews_dataset.csv:
review_id                      0
order_id                       0
review_score                   0
review_comment_title       87656
review_comment_message     58247
review_creation_date           0
review_answer_timestamp        0
dtype: int64
2026-05-04 10:23:21,905 - INFO - [92m🎉 Data exploration completed for olist_order_reviews_dataset.csv.[0m

2026-05-04 10:23:22,121 - INFO - Exploring olist_products_dataset.csv...
2026-05-04 10:23:22,121 - INFO - 
==================================================
2026-05-04 10:23:22,122 - INFO - 🔷 📊 SUMMARY OF olist_products_dataset.csv
2026-05-04 10:23:22,122 - INFO - ===============================

2026-05-04 10:23:22,122 - INFO - Shape of olist_products_dataset.csv: (32951, 9)
2026-05-04 10:23:22,149 - INFO - Heading of olist_products_dataset.csv:
                         product_id  product_category_name  product_name_lenght  ...  product_length_cm  product_height_cm  product_width_cm
0  1e9e8ef04dbcff4541ed26657ea517e5             perfumaria                 40.0  ...               16.0               10.0              14.0
1  3aa071139cb16b67ca9e5dea641aaa2f                  artes                 44.0  ...               30.0               18.0              20.0
2  96bd76ec8810374ed1b65e291975717f          esporte_lazer                 46.0  ...               18.0                9.0              15.0
3  cef67bcfe19066a932b7673e239eb23d                  bebes                 27.0  ...               26.0                4.0              26.0
4  9dc1a7de274444849c219cff195d0b71  utilidades_domesticas                 37.0  ...               20.0               17.0              13.0

[5 rows x 9 columns]
2026-05-04 10:23:22,151 - INFO - Columns in olist_products_dataset.csv: ['product_id', 'product_category_name', 'product_name_lenght', 'product_description_lenght', 'product_photos_qty', 'product_weight_g', 'product_length_cm', 'product_height_cm', 'product_width_cm']
2026-05-04 10:23:22,153 - INFO - Data types in olist_products_dataset.csv:
product_id                        str
product_category_name             str
product_name_lenght           float64
product_description_lenght    float64
product_photos_qty            float64
product_weight_g              float64
product_length_cm             float64
product_height_cm             float64
product_width_cm              float64
dtype: object
2026-05-04 10:23:22,164 - INFO - Missing values in olist_products_dataset.csv:
product_id                      0
product_category_name         610
product_name_lenght           610
product_description_lenght    610
product_photos_qty            610
product_weight_g                2
product_length_cm               2
product_height_cm               2
product_width_cm                2
dtype: int64
2026-05-04 10:23:22,167 - INFO - [92m🎉 Data exploration completed for olist_products_dataset.csv.[0m

2026-05-04 10:23:22,188 - INFO - Exploring olist_sellers_dataset.csv...
2026-05-04 10:23:22,189 - INFO - 
==================================================
2026-05-04 10:23:22,189 - INFO - 🔷 📊 SUMMARY OF olist_sellers_dataset.csv
2026-05-04 10:23:22,190 - INFO - ===============================

2026-05-04 10:23:22,191 - INFO - Shape of olist_sellers_dataset.csv: (3095, 4)
2026-05-04 10:23:22,206 - INFO - Heading of olist_sellers_dataset.csv:
                          seller_id  seller_zip_code_prefix        seller_city seller_state
0  3442f8959a84dea7ee197c632cb2df15                   13023           campinas           SP
1  d1b65fc7debc3361ea86b5f14c68d2e2                   13844         mogi guacu           SP
2  ce3ad9de960102d0677a81f5d0bb7b2d                   20031     rio de janeiro           RJ
3  c0f3eea2e14555b6faeea3dd58c1b1c3                    4195          sao paulo           SP
4  51a04a8a6bdcb23deccc82b0b80742cf                   12914  braganca paulista           SP
2026-05-04 10:23:22,207 - INFO - Columns in olist_sellers_dataset.csv: ['seller_id', 'seller_zip_code_prefix', 'seller_city', 'seller_state']
2026-05-04 10:23:22,208 - INFO - Data types in olist_sellers_dataset.csv:
seller_id                   str
seller_zip_code_prefix    int64
seller_city                 str
seller_state                str
dtype: object
2026-05-04 10:23:22,210 - INFO - Missing values in olist_sellers_dataset.csv:
seller_id                 0
seller_zip_code_prefix    0
seller_city               0
seller_state              0
dtype: int64
2026-05-04 10:23:22,211 - INFO - [92m🎉 Data exploration completed for olist_sellers_dataset.csv.[0m

2026-05-04 10:23:22,218 - INFO - Exploring product_category_name_translation.csv...
2026-05-04 10:23:22,218 - INFO - 
==================================================
2026-05-04 10:23:22,218 - INFO - 🔷 📊 SUMMARY OF product_category_name_translation.csv
2026-05-04 10:23:22,219 - INFO - ===============================

2026-05-04 10:23:22,219 - INFO - Shape of product_category_name_translation.csv: (71, 2)
2026-05-04 10:23:22,226 - INFO - Heading of product_category_name_translation.csv:
    product_category_name product_category_name_english
0            beleza_saude                 health_beauty
1  informatica_acessorios         computers_accessories
2              automotivo                          auto
3         cama_mesa_banho                bed_bath_table
4        moveis_decoracao               furniture_decor
2026-05-04 10:23:22,226 - INFO - Columns in product_category_name_translation.csv: ['product_category_name', 'product_category_name_english']
2026-05-04 10:23:22,228 - INFO - Data types in product_category_name_translation.csv:
product_category_name            str
product_category_name_english    str
dtype: object
2026-05-04 10:23:22,231 - INFO - Missing values in product_category_name_translation.csv:
product_category_name            0
product_category_name_english    0
dtype: int64
2026-05-04 10:23:22,232 - INFO - [92m🎉 Data exploration completed for product_category_name_translation.csv.[0m

2026-05-04 10:23:22,234 - INFO - 
=== Summary Table ===
2026-05-04 10:23:22,236 - INFO - 
                                 File    Rows  Columns  Total Nulls
          olist_customers_dataset.csv   99441        5            0
        olist_geolocation_dataset.csv 1000163        5            0
             olist_orders_dataset.csv   99441        8         4908
        olist_order_items_dataset.csv  112650        7            0
     olist_order_payments_dataset.csv  103886        5            0
      olist_order_reviews_dataset.csv   99224        7       145903
           olist_products_dataset.csv   32951        9         2448
            olist_sellers_dataset.csv    3095        4            0
product_category_name_translation.csv      71        2            0

2026-05-04 10:23:22,237 - INFO - ⏱️ Step completed in 5.97s

2026-05-04 10:25:02,792 - INFO - Searching for CSV files in: C:\Users\dell\Desktop\payflow_case_study\data_base\raw_data
2026-05-04 10:25:02,794 - INFO - Found 9 CSV files to process.
2026-05-04 10:25:03,136 - INFO - Exploring olist_customers_dataset.csv...
2026-05-04 10:25:03,137 - INFO - 
==================================================
2026-05-04 10:25:03,137 - INFO - 🔷 📊 SUMMARY OF olist_customers_dataset.csv
2026-05-04 10:25:03,138 - INFO - ===============================

2026-05-04 10:25:03,138 - INFO - Shape of olist_customers_dataset.csv: (99441, 5)
2026-05-04 10:25:03,183 - INFO - Heading of olist_customers_dataset.csv:
                        customer_id                customer_unique_id  customer_zip_code_prefix          customer_city customer_state
0  06b8999e2fba1a1fbc88172c00ba8bc7  861eff4711a542e4b93843c6dd7febb0                     14409                 franca             SP
1  18955e83d337fd6b2def6b18a428ac77  290c77bc529b7ac935b93aa66c333dc3                      9790  sao bernardo do campo             SP
2  4e7b3e00288586ebd08712fdd0374a03  060e732b5b29e8181a18229c7b0b2b5e                      1151              sao paulo             SP
3  b2b6027bc5c5109e529d4dc6358b12c3  259dac757896d24d7702b9acbbff3f3c                      8775        mogi das cruzes             SP
4  4f2d8ab171c80ec8364f7c12e35b23ad  345ecd01c38d18a9036ed96c73b8d066                     13056               campinas             SP
2026-05-04 10:25:03,191 - INFO - Columns in olist_customers_dataset.csv: ['customer_id', 'customer_unique_id', 'customer_zip_code_prefix', 'customer_city', 'customer_state']
2026-05-04 10:25:03,204 - INFO - Data types in olist_customers_dataset.csv:
customer_id                   str
customer_unique_id            str
customer_zip_code_prefix    int64
customer_city                 str
customer_state                str
dtype: object
2026-05-04 10:25:03,265 - INFO - Missing values in olist_customers_dataset.csv:
customer_id                 0
customer_unique_id          0
customer_zip_code_prefix    0
customer_city               0
customer_state              0
dtype: int64
2026-05-04 10:25:03,266 - INFO - [92m🎉 Data exploration completed for olist_customers_dataset.csv.[0m

2026-05-04 10:25:04,874 - INFO - Exploring olist_geolocation_dataset.csv...
2026-05-04 10:25:04,875 - INFO - 
==================================================
2026-05-04 10:25:04,875 - INFO - 🔷 📊 SUMMARY OF olist_geolocation_dataset.csv
2026-05-04 10:25:04,876 - INFO - ===============================

2026-05-04 10:25:04,877 - INFO - Shape of olist_geolocation_dataset.csv: (1000163, 5)
2026-05-04 10:25:04,896 - INFO - Heading of olist_geolocation_dataset.csv:
   geolocation_zip_code_prefix  geolocation_lat  geolocation_lng geolocation_city geolocation_state
0                         1037       -23.545621       -46.639292        sao paulo                SP
1                         1046       -23.546081       -46.644820        sao paulo                SP
2                         1046       -23.546129       -46.642951        sao paulo                SP
3                         1041       -23.544392       -46.639499        sao paulo                SP
4                         1035       -23.541578       -46.641607        sao paulo                SP
2026-05-04 10:25:04,897 - INFO - Columns in olist_geolocation_dataset.csv: ['geolocation_zip_code_prefix', 'geolocation_lat', 'geolocation_lng', 'geolocation_city', 'geolocation_state']
2026-05-04 10:25:04,900 - INFO - Data types in olist_geolocation_dataset.csv:
geolocation_zip_code_prefix      int64
geolocation_lat                float64
geolocation_lng                float64
geolocation_city                   str
geolocation_state                  str
dtype: object
2026-05-04 10:25:05,058 - INFO - Missing values in olist_geolocation_dataset.csv:
geolocation_zip_code_prefix    0
geolocation_lat                0
geolocation_lng                0
geolocation_city               0
geolocation_state              0
dtype: int64
2026-05-04 10:25:05,059 - INFO - [92m🎉 Data exploration completed for olist_geolocation_dataset.csv.[0m

2026-05-04 10:25:06,050 - INFO - Exploring olist_orders_dataset.csv...
2026-05-04 10:25:06,051 - INFO - 
==================================================
2026-05-04 10:25:06,051 - INFO - 🔷 📊 SUMMARY OF olist_orders_dataset.csv
2026-05-04 10:25:06,052 - INFO - ===============================

2026-05-04 10:25:06,053 - INFO - Shape of olist_orders_dataset.csv: (99441, 8)
2026-05-04 10:25:06,078 - INFO - Heading of olist_orders_dataset.csv:
                           order_id                       customer_id  ... order_delivered_customer_date order_estimated_delivery_date
0  e481f51cbdc54678b7cc49136f2d6af7  9ef432eb6251297304e76186b10a928d  ...           2017-10-10 21:25:13           2017-10-18 00:00:00
1  53cdb2fc8bc7dce0b6741e2150273451  b0830fb4747a6c6d20dea0b8c802d7ef  ...           2018-08-07 15:27:45           2018-08-13 00:00:00
2  47770eb9100c2d0c44946d9cf07ec65d  41ce2a54c0b03bf3443c3d931a367089  ...           2018-08-17 18:06:29           2018-09-04 00:00:00
3  949d5b44dbf5de918fe9c16f97b45f8a  f88197465ea7920adcdbec7375364d82  ...           2017-12-02 00:28:42           2017-12-15 00:00:00
4  ad21c59c0840e6cb83a9ceb5573f8159  8ab97904e6daea8866dbdbc4fb7aad2c  ...           2018-02-16 18:17:02           2018-02-26 00:00:00

[5 rows x 8 columns]
2026-05-04 10:25:06,078 - INFO - Columns in olist_orders_dataset.csv: ['order_id', 'customer_id', 'order_status', 'order_purchase_timestamp', 'order_approved_at', 'order_delivered_carrier_date', 'order_delivered_customer_date', 'order_estimated_delivery_date']
2026-05-04 10:25:06,080 - INFO - Data types in olist_orders_dataset.csv:
order_id                         str
customer_id                      str
order_status                     str
order_purchase_timestamp         str
order_approved_at                str
order_delivered_carrier_date     str
order_delivered_customer_date    str
order_estimated_delivery_date    str
dtype: object
2026-05-04 10:25:06,157 - INFO - Missing values in olist_orders_dataset.csv:
order_id                            0
customer_id                         0
order_status                        0
order_purchase_timestamp            0
order_approved_at                 160
order_delivered_carrier_date     1783
order_delivered_customer_date    2965
order_estimated_delivery_date       0
dtype: int64
2026-05-04 10:25:06,157 - INFO - [92m🎉 Data exploration completed for olist_orders_dataset.csv.[0m

2026-05-04 10:25:06,763 - INFO - Exploring olist_order_items_dataset.csv...
2026-05-04 10:25:06,764 - INFO - 
==================================================
2026-05-04 10:25:06,765 - INFO - 🔷 📊 SUMMARY OF olist_order_items_dataset.csv
2026-05-04 10:25:06,765 - INFO - ===============================

2026-05-04 10:25:06,766 - INFO - Shape of olist_order_items_dataset.csv: (112650, 7)
2026-05-04 10:25:06,804 - INFO - Heading of olist_order_items_dataset.csv:
                           order_id  order_item_id                        product_id  ...  shipping_limit_date   price  freight_value
0  00010242fe8c5a6d1ba2dd792cb16214              1  4244733e06e7ecb4970a6e2683c13e61  ...  2017-09-19 09:45:35   58.90          13.29
1  00018f77f2f0320c557190d7a144bdd3              1  e5f2d52b802189ee658865ca93d83a8f  ...  2017-05-03 11:05:13  239.90          19.93
2  000229ec398224ef6ca0657da4fc703e              1  c777355d18b72b67abbeef9df44fd0fd  ...  2018-01-18 14:48:30  199.00          17.87
3  00024acbcdf0a6daa1e931b038114c75              1  7634da152a4610f1595efa32f14722fc  ...  2018-08-15 10:10:18   12.99          12.79
4  00042b26cf59d7ce69dfabb4e55b4fd9              1  ac6c3623068f30de03045865e4e10089  ...  2017-02-13 13:57:51  199.90          18.14

[5 rows x 7 columns]
2026-05-04 10:25:06,805 - INFO - Columns in olist_order_items_dataset.csv: ['order_id', 'order_item_id', 'product_id', 'seller_id', 'shipping_limit_date', 'price', 'freight_value']
2026-05-04 10:25:06,809 - INFO - Data types in olist_order_items_dataset.csv:
order_id                   str
order_item_id            int64
product_id                 str
seller_id                  str
shipping_limit_date        str
price                  float64
freight_value          float64
dtype: object
2026-05-04 10:25:06,870 - INFO - Missing values in olist_order_items_dataset.csv:
order_id               0
order_item_id          0
product_id             0
seller_id              0
shipping_limit_date    0
price                  0
freight_value          0
dtype: int64
2026-05-04 10:25:06,870 - INFO - [92m🎉 Data exploration completed for olist_order_items_dataset.csv.[0m

2026-05-04 10:25:07,365 - INFO - Exploring olist_order_payments_dataset.csv...
2026-05-04 10:25:07,365 - INFO - 
==================================================
2026-05-04 10:25:07,366 - INFO - 🔷 📊 SUMMARY OF olist_order_payments_dataset.csv
2026-05-04 10:25:07,366 - INFO - ===============================

2026-05-04 10:25:07,367 - INFO - Shape of olist_order_payments_dataset.csv: (103886, 5)
2026-05-04 10:25:07,387 - INFO - Heading of olist_order_payments_dataset.csv:
                           order_id  payment_sequential payment_type  payment_installments  payment_value
0  b81ef226f3fe1789b1e8b2acac839d17                   1  credit_card                     8          99.33
1  a9810da82917af2d9aefd1278f1dcfa0                   1  credit_card                     1          24.39
2  25e8ea4e93396b6fa0d3dd708e76c1bd                   1  credit_card                     1          65.71
3  ba78997921bbcdc1373bb41e913ab953                   1  credit_card                     8         107.78
4  42fdf880ba16b47b59251dd489d4441a                   1  credit_card                     2         128.45
2026-05-04 10:25:07,388 - INFO - Columns in olist_order_payments_dataset.csv: ['order_id', 'payment_sequential', 'payment_type', 'payment_installments', 'payment_value']
2026-05-04 10:25:07,391 - INFO - Data types in olist_order_payments_dataset.csv:
order_id                    str
payment_sequential        int64
payment_type                str
payment_installments      int64
payment_value           float64
dtype: object
2026-05-04 10:25:07,420 - INFO - Missing values in olist_order_payments_dataset.csv:
order_id                0
payment_sequential      0
payment_type            0
payment_installments    0
payment_value           0
dtype: int64
2026-05-04 10:25:07,420 - INFO - [92m🎉 Data exploration completed for olist_order_payments_dataset.csv.[0m

2026-05-04 10:25:08,394 - INFO - Exploring olist_order_reviews_dataset.csv...
2026-05-04 10:25:08,394 - INFO - 
==================================================
2026-05-04 10:25:08,395 - INFO - 🔷 📊 SUMMARY OF olist_order_reviews_dataset.csv
2026-05-04 10:25:08,396 - INFO - ===============================

2026-05-04 10:25:08,396 - INFO - Shape of olist_order_reviews_dataset.csv: (99224, 7)
2026-05-04 10:25:08,419 - INFO - Heading of olist_order_reviews_dataset.csv:
                          review_id                          order_id  ...  review_creation_date review_answer_timestamp
0  7bc2406110b926393aa56f80a40eba40  73fc7af87114b39712e6da79b0a377eb  ...   2018-01-18 00:00:00     2018-01-18 21:46:59
1  80e641a11e56f04c1ad469d5645fdfde  a548910a1c6147796b98fdf73dbeba33  ...   2018-03-10 00:00:00     2018-03-11 03:05:13
2  228ce5500dc1d8e020d8d1322874b6f0  f9e4b658b201a9f2ecdecbb34bed034b  ...   2018-02-17 00:00:00     2018-02-18 14:36:24
3  e64fb393e7b32834bb789ff8bb30750e  658677c97b385a9be170737859d3511b  ...   2017-04-21 00:00:00     2017-04-21 22:02:06
4  f7c4243c7fe1938f181bec41a392bdeb  8e6bfb81e283fa7e4f11123a3fb894f1  ...   2018-03-01 00:00:00     2018-03-02 10:26:53

[5 rows x 7 columns]
2026-05-04 10:25:08,420 - INFO - Columns in olist_order_reviews_dataset.csv: ['review_id', 'order_id', 'review_score', 'review_comment_title', 'review_comment_message', 'review_creation_date', 'review_answer_timestamp']
2026-05-04 10:25:08,423 - INFO - Data types in olist_order_reviews_dataset.csv:
review_id                    str
order_id                     str
review_score               int64
review_comment_title         str
review_comment_message       str
review_creation_date         str
review_answer_timestamp      str
dtype: object
2026-05-04 10:25:08,488 - INFO - Missing values in olist_order_reviews_dataset.csv:
review_id                      0
order_id                       0
review_score                   0
review_comment_title       87656
review_comment_message     58247
review_creation_date           0
review_answer_timestamp        0
dtype: int64
2026-05-04 10:25:08,489 - INFO - [92m🎉 Data exploration completed for olist_order_reviews_dataset.csv.[0m

2026-05-04 10:25:08,702 - INFO - Exploring olist_products_dataset.csv...
2026-05-04 10:25:08,703 - INFO - 
==================================================
2026-05-04 10:25:08,703 - INFO - 🔷 📊 SUMMARY OF olist_products_dataset.csv
2026-05-04 10:25:08,704 - INFO - ===============================

2026-05-04 10:25:08,704 - INFO - Shape of olist_products_dataset.csv: (32951, 9)
2026-05-04 10:25:08,743 - INFO - Heading of olist_products_dataset.csv:
                         product_id  product_category_name  product_name_lenght  ...  product_length_cm  product_height_cm  product_width_cm
0  1e9e8ef04dbcff4541ed26657ea517e5             perfumaria                 40.0  ...               16.0               10.0              14.0
1  3aa071139cb16b67ca9e5dea641aaa2f                  artes                 44.0  ...               30.0               18.0              20.0
2  96bd76ec8810374ed1b65e291975717f          esporte_lazer                 46.0  ...               18.0                9.0              15.0
3  cef67bcfe19066a932b7673e239eb23d                  bebes                 27.0  ...               26.0                4.0              26.0
4  9dc1a7de274444849c219cff195d0b71  utilidades_domesticas                 37.0  ...               20.0               17.0              13.0

[5 rows x 9 columns]
2026-05-04 10:25:08,746 - INFO - Columns in olist_products_dataset.csv: ['product_id', 'product_category_name', 'product_name_lenght', 'product_description_lenght', 'product_photos_qty', 'product_weight_g', 'product_length_cm', 'product_height_cm', 'product_width_cm']
2026-05-04 10:25:08,750 - INFO - Data types in olist_products_dataset.csv:
product_id                        str
product_category_name             str
product_name_lenght           float64
product_description_lenght    float64
product_photos_qty            float64
product_weight_g              float64
product_length_cm             float64
product_height_cm             float64
product_width_cm              float64
dtype: object
2026-05-04 10:25:08,764 - INFO - Missing values in olist_products_dataset.csv:
product_id                      0
product_category_name         610
product_name_lenght           610
product_description_lenght    610
product_photos_qty            610
product_weight_g                2
product_length_cm               2
product_height_cm               2
product_width_cm                2
dtype: int64
2026-05-04 10:25:08,766 - INFO - [92m🎉 Data exploration completed for olist_products_dataset.csv.[0m

2026-05-04 10:25:08,796 - INFO - Exploring olist_sellers_dataset.csv...
2026-05-04 10:25:08,796 - INFO - 
==================================================
2026-05-04 10:25:08,797 - INFO - 🔷 📊 SUMMARY OF olist_sellers_dataset.csv
2026-05-04 10:25:08,797 - INFO - ===============================

2026-05-04 10:25:08,798 - INFO - Shape of olist_sellers_dataset.csv: (3095, 4)
2026-05-04 10:25:08,814 - INFO - Heading of olist_sellers_dataset.csv:
                          seller_id  seller_zip_code_prefix        seller_city seller_state
0  3442f8959a84dea7ee197c632cb2df15                   13023           campinas           SP
1  d1b65fc7debc3361ea86b5f14c68d2e2                   13844         mogi guacu           SP
2  ce3ad9de960102d0677a81f5d0bb7b2d                   20031     rio de janeiro           RJ
3  c0f3eea2e14555b6faeea3dd58c1b1c3                    4195          sao paulo           SP
4  51a04a8a6bdcb23deccc82b0b80742cf                   12914  braganca paulista           SP
2026-05-04 10:25:08,815 - INFO - Columns in olist_sellers_dataset.csv: ['seller_id', 'seller_zip_code_prefix', 'seller_city', 'seller_state']
2026-05-04 10:25:08,817 - INFO - Data types in olist_sellers_dataset.csv:
seller_id                   str
seller_zip_code_prefix    int64
seller_city                 str
seller_state                str
dtype: object
2026-05-04 10:25:08,821 - INFO - Missing values in olist_sellers_dataset.csv:
seller_id                 0
seller_zip_code_prefix    0
seller_city               0
seller_state              0
dtype: int64
2026-05-04 10:25:08,821 - INFO - [92m🎉 Data exploration completed for olist_sellers_dataset.csv.[0m

2026-05-04 10:25:08,830 - INFO - Exploring product_category_name_translation.csv...
2026-05-04 10:25:08,831 - INFO - 
==================================================
2026-05-04 10:25:08,831 - INFO - 🔷 📊 SUMMARY OF product_category_name_translation.csv
2026-05-04 10:25:08,832 - INFO - ===============================

2026-05-04 10:25:08,832 - INFO - Shape of product_category_name_translation.csv: (71, 2)
2026-05-04 10:25:08,844 - INFO - Heading of product_category_name_translation.csv:
    product_category_name product_category_name_english
0            beleza_saude                 health_beauty
1  informatica_acessorios         computers_accessories
2              automotivo                          auto
3         cama_mesa_banho                bed_bath_table
4        moveis_decoracao               furniture_decor
2026-05-04 10:25:08,845 - INFO - Columns in product_category_name_translation.csv: ['product_category_name', 'product_category_name_english']
2026-05-04 10:25:08,848 - INFO - Data types in product_category_name_translation.csv:
product_category_name            str
product_category_name_english    str
dtype: object
2026-05-04 10:25:08,851 - INFO - Missing values in product_category_name_translation.csv:
product_category_name            0
product_category_name_english    0
dtype: int64
2026-05-04 10:25:08,851 - INFO - [92m🎉 Data exploration completed for product_category_name_translation.csv.[0m

2026-05-04 10:25:08,853 - INFO - 
=== Summary Table ===
2026-05-04 10:25:08,858 - INFO - 
                                 File    Rows  Columns  Total Nulls
          olist_customers_dataset.csv   99441        5            0
        olist_geolocation_dataset.csv 1000163        5            0
             olist_orders_dataset.csv   99441        8         4908
        olist_order_items_dataset.csv  112650        7            0
     olist_order_payments_dataset.csv  103886        5            0
      olist_order_reviews_dataset.csv   99224        7       145903
           olist_products_dataset.csv   32951        9         2448
            olist_sellers_dataset.csv    3095        4            0
product_category_name_translation.csv      71        2            0

2026-05-04 10:25:08,859 - INFO - ⏱️ Step completed in 6.07s

2026-05-04 10:25:52,066 - INFO - Searching for CSV files in: C:\Users\dell\Desktop\payflow_case_study\data_base\raw_data
2026-05-04 10:25:52,068 - INFO - Found 9 CSV files to process.
2026-05-04 10:25:52,564 - INFO - Exploring olist_customers_dataset.csv...
2026-05-04 10:25:52,565 - INFO - 
==================================================
2026-05-04 10:25:52,565 - INFO - 🔷 📊 SUMMARY OF olist_customers_dataset.csv
2026-05-04 10:25:52,566 - INFO - ===============================

2026-05-04 10:25:52,567 - INFO - Shape of olist_customers_dataset.csv: (99441, 5)
2026-05-04 10:25:52,687 - INFO - Heading of olist_customers_dataset.csv:
                        customer_id                customer_unique_id  customer_zip_code_prefix          customer_city customer_state
0  06b8999e2fba1a1fbc88172c00ba8bc7  861eff4711a542e4b93843c6dd7febb0                     14409                 franca             SP
1  18955e83d337fd6b2def6b18a428ac77  290c77bc529b7ac935b93aa66c333dc3                      9790  sao bernardo do campo             SP
2  4e7b3e00288586ebd08712fdd0374a03  060e732b5b29e8181a18229c7b0b2b5e                      1151              sao paulo             SP
3  b2b6027bc5c5109e529d4dc6358b12c3  259dac757896d24d7702b9acbbff3f3c                      8775        mogi das cruzes             SP
4  4f2d8ab171c80ec8364f7c12e35b23ad  345ecd01c38d18a9036ed96c73b8d066                     13056               campinas             SP
2026-05-04 10:25:52,710 - INFO - Columns in olist_customers_dataset.csv: ['customer_id', 'customer_unique_id', 'customer_zip_code_prefix', 'customer_city', 'customer_state']
2026-05-04 10:25:52,713 - INFO - Data types in olist_customers_dataset.csv:
customer_id                   str
customer_unique_id            str
customer_zip_code_prefix    int64
customer_city                 str
customer_state                str
dtype: object
2026-05-04 10:25:52,756 - INFO - Missing values in olist_customers_dataset.csv:
customer_id                 0
customer_unique_id          0
customer_zip_code_prefix    0
customer_city               0
customer_state              0
dtype: int64
2026-05-04 10:25:52,757 - INFO - [92m🎉 Data exploration completed for olist_customers_dataset.csv.[0m

2026-05-04 10:25:54,318 - INFO - Exploring olist_geolocation_dataset.csv...
2026-05-04 10:25:54,318 - INFO - 
==================================================
2026-05-04 10:25:54,319 - INFO - 🔷 📊 SUMMARY OF olist_geolocation_dataset.csv
2026-05-04 10:25:54,319 - INFO - ===============================

2026-05-04 10:25:54,319 - INFO - Shape of olist_geolocation_dataset.csv: (1000163, 5)
2026-05-04 10:25:54,350 - INFO - Heading of olist_geolocation_dataset.csv:
   geolocation_zip_code_prefix  geolocation_lat  geolocation_lng geolocation_city geolocation_state
0                         1037       -23.545621       -46.639292        sao paulo                SP
1                         1046       -23.546081       -46.644820        sao paulo                SP
2                         1046       -23.546129       -46.642951        sao paulo                SP
3                         1041       -23.544392       -46.639499        sao paulo                SP
4                         1035       -23.541578       -46.641607        sao paulo                SP
2026-05-04 10:25:54,369 - INFO - Columns in olist_geolocation_dataset.csv: ['geolocation_zip_code_prefix', 'geolocation_lat', 'geolocation_lng', 'geolocation_city', 'geolocation_state']
2026-05-04 10:25:54,419 - INFO - Data types in olist_geolocation_dataset.csv:
geolocation_zip_code_prefix      int64
geolocation_lat                float64
geolocation_lng                float64
geolocation_city                   str
geolocation_state                  str
dtype: object
2026-05-04 10:25:54,594 - INFO - Missing values in olist_geolocation_dataset.csv:
geolocation_zip_code_prefix    0
geolocation_lat                0
geolocation_lng                0
geolocation_city               0
geolocation_state              0
dtype: int64
2026-05-04 10:25:54,595 - INFO - [92m🎉 Data exploration completed for olist_geolocation_dataset.csv.[0m

2026-05-04 10:25:55,413 - INFO - Exploring olist_orders_dataset.csv...
2026-05-04 10:25:55,414 - INFO - 
==================================================
2026-05-04 10:25:55,414 - INFO - 🔷 📊 SUMMARY OF olist_orders_dataset.csv
2026-05-04 10:25:55,415 - INFO - ===============================

2026-05-04 10:25:55,415 - INFO - Shape of olist_orders_dataset.csv: (99441, 8)
2026-05-04 10:25:55,440 - INFO - Heading of olist_orders_dataset.csv:
                           order_id                       customer_id  ... order_delivered_customer_date order_estimated_delivery_date
0  e481f51cbdc54678b7cc49136f2d6af7  9ef432eb6251297304e76186b10a928d  ...           2017-10-10 21:25:13           2017-10-18 00:00:00
1  53cdb2fc8bc7dce0b6741e2150273451  b0830fb4747a6c6d20dea0b8c802d7ef  ...           2018-08-07 15:27:45           2018-08-13 00:00:00
2  47770eb9100c2d0c44946d9cf07ec65d  41ce2a54c0b03bf3443c3d931a367089  ...           2018-08-17 18:06:29           2018-09-04 00:00:00
3  949d5b44dbf5de918fe9c16f97b45f8a  f88197465ea7920adcdbec7375364d82  ...           2017-12-02 00:28:42           2017-12-15 00:00:00
4  ad21c59c0840e6cb83a9ceb5573f8159  8ab97904e6daea8866dbdbc4fb7aad2c  ...           2018-02-16 18:17:02           2018-02-26 00:00:00

[5 rows x 8 columns]
2026-05-04 10:25:55,441 - INFO - Columns in olist_orders_dataset.csv: ['order_id', 'customer_id', 'order_status', 'order_purchase_timestamp', 'order_approved_at', 'order_delivered_carrier_date', 'order_delivered_customer_date', 'order_estimated_delivery_date']
2026-05-04 10:25:55,442 - INFO - Data types in olist_orders_dataset.csv:
order_id                         str
customer_id                      str
order_status                     str
order_purchase_timestamp         str
order_approved_at                str
order_delivered_carrier_date     str
order_delivered_customer_date    str
order_estimated_delivery_date    str
dtype: object
2026-05-04 10:25:55,506 - INFO - Missing values in olist_orders_dataset.csv:
order_id                            0
customer_id                         0
order_status                        0
order_purchase_timestamp            0
order_approved_at                 160
order_delivered_carrier_date     1783
order_delivered_customer_date    2965
order_estimated_delivery_date       0
dtype: int64
2026-05-04 10:25:55,507 - INFO - [92m🎉 Data exploration completed for olist_orders_dataset.csv.[0m

2026-05-04 10:25:56,172 - INFO - Exploring olist_order_items_dataset.csv...
2026-05-04 10:25:56,173 - INFO - 
==================================================
2026-05-04 10:25:56,173 - INFO - 🔷 📊 SUMMARY OF olist_order_items_dataset.csv
2026-05-04 10:25:56,174 - INFO - ===============================

2026-05-04 10:25:56,174 - INFO - Shape of olist_order_items_dataset.csv: (112650, 7)
2026-05-04 10:25:56,214 - INFO - Heading of olist_order_items_dataset.csv:
                           order_id  order_item_id                        product_id  ...  shipping_limit_date   price  freight_value
0  00010242fe8c5a6d1ba2dd792cb16214              1  4244733e06e7ecb4970a6e2683c13e61  ...  2017-09-19 09:45:35   58.90          13.29
1  00018f77f2f0320c557190d7a144bdd3              1  e5f2d52b802189ee658865ca93d83a8f  ...  2017-05-03 11:05:13  239.90          19.93
2  000229ec398224ef6ca0657da4fc703e              1  c777355d18b72b67abbeef9df44fd0fd  ...  2018-01-18 14:48:30  199.00          17.87
3  00024acbcdf0a6daa1e931b038114c75              1  7634da152a4610f1595efa32f14722fc  ...  2018-08-15 10:10:18   12.99          12.79
4  00042b26cf59d7ce69dfabb4e55b4fd9              1  ac6c3623068f30de03045865e4e10089  ...  2017-02-13 13:57:51  199.90          18.14

[5 rows x 7 columns]
2026-05-04 10:25:56,215 - INFO - Columns in olist_order_items_dataset.csv: ['order_id', 'order_item_id', 'product_id', 'seller_id', 'shipping_limit_date', 'price', 'freight_value']
2026-05-04 10:25:56,219 - INFO - Data types in olist_order_items_dataset.csv:
order_id                   str
order_item_id            int64
product_id                 str
seller_id                  str
shipping_limit_date        str
price                  float64
freight_value          float64
dtype: object
2026-05-04 10:25:56,289 - INFO - Missing values in olist_order_items_dataset.csv:
order_id               0
order_item_id          0
product_id             0
seller_id              0
shipping_limit_date    0
price                  0
freight_value          0
dtype: int64
2026-05-04 10:25:56,290 - INFO - [92m🎉 Data exploration completed for olist_order_items_dataset.csv.[0m

2026-05-04 10:25:56,552 - INFO - Exploring olist_order_payments_dataset.csv...
2026-05-04 10:25:56,553 - INFO - 
==================================================
2026-05-04 10:25:56,553 - INFO - 🔷 📊 SUMMARY OF olist_order_payments_dataset.csv
2026-05-04 10:25:56,553 - INFO - ===============================

2026-05-04 10:25:56,554 - INFO - Shape of olist_order_payments_dataset.csv: (103886, 5)
2026-05-04 10:25:56,571 - INFO - Heading of olist_order_payments_dataset.csv:
                           order_id  payment_sequential payment_type  payment_installments  payment_value
0  b81ef226f3fe1789b1e8b2acac839d17                   1  credit_card                     8          99.33
1  a9810da82917af2d9aefd1278f1dcfa0                   1  credit_card                     1          24.39
2  25e8ea4e93396b6fa0d3dd708e76c1bd                   1  credit_card                     1          65.71
3  ba78997921bbcdc1373bb41e913ab953                   1  credit_card                     8         107.78
4  42fdf880ba16b47b59251dd489d4441a                   1  credit_card                     2         128.45
2026-05-04 10:25:56,572 - INFO - Columns in olist_order_payments_dataset.csv: ['order_id', 'payment_sequential', 'payment_type', 'payment_installments', 'payment_value']
2026-05-04 10:25:56,574 - INFO - Data types in olist_order_payments_dataset.csv:
order_id                    str
payment_sequential        int64
payment_type                str
payment_installments      int64
payment_value           float64
dtype: object
2026-05-04 10:25:56,600 - INFO - Missing values in olist_order_payments_dataset.csv:
order_id                0
payment_sequential      0
payment_type            0
payment_installments    0
payment_value           0
dtype: int64
2026-05-04 10:25:56,601 - INFO - [92m🎉 Data exploration completed for olist_order_payments_dataset.csv.[0m

2026-05-04 10:25:57,252 - INFO - Exploring olist_order_reviews_dataset.csv...
2026-05-04 10:25:57,252 - INFO - 
==================================================
2026-05-04 10:25:57,253 - INFO - 🔷 📊 SUMMARY OF olist_order_reviews_dataset.csv
2026-05-04 10:25:57,253 - INFO - ===============================

2026-05-04 10:25:57,254 - INFO - Shape of olist_order_reviews_dataset.csv: (99224, 7)
2026-05-04 10:25:57,269 - INFO - Heading of olist_order_reviews_dataset.csv:
                          review_id                          order_id  ...  review_creation_date review_answer_timestamp
0  7bc2406110b926393aa56f80a40eba40  73fc7af87114b39712e6da79b0a377eb  ...   2018-01-18 00:00:00     2018-01-18 21:46:59
1  80e641a11e56f04c1ad469d5645fdfde  a548910a1c6147796b98fdf73dbeba33  ...   2018-03-10 00:00:00     2018-03-11 03:05:13
2  228ce5500dc1d8e020d8d1322874b6f0  f9e4b658b201a9f2ecdecbb34bed034b  ...   2018-02-17 00:00:00     2018-02-18 14:36:24
3  e64fb393e7b32834bb789ff8bb30750e  658677c97b385a9be170737859d3511b  ...   2017-04-21 00:00:00     2017-04-21 22:02:06
4  f7c4243c7fe1938f181bec41a392bdeb  8e6bfb81e283fa7e4f11123a3fb894f1  ...   2018-03-01 00:00:00     2018-03-02 10:26:53

[5 rows x 7 columns]
2026-05-04 10:25:57,270 - INFO - Columns in olist_order_reviews_dataset.csv: ['review_id', 'order_id', 'review_score', 'review_comment_title', 'review_comment_message', 'review_creation_date', 'review_answer_timestamp']
2026-05-04 10:25:57,271 - INFO - Data types in olist_order_reviews_dataset.csv:
review_id                    str
order_id                     str
review_score               int64
review_comment_title         str
review_comment_message       str
review_creation_date         str
review_answer_timestamp      str
dtype: object
2026-05-04 10:25:57,316 - INFO - Missing values in olist_order_reviews_dataset.csv:
review_id                      0
order_id                       0
review_score                   0
review_comment_title       87656
review_comment_message     58247
review_creation_date           0
review_answer_timestamp        0
dtype: int64
2026-05-04 10:25:57,316 - INFO - [92m🎉 Data exploration completed for olist_order_reviews_dataset.csv.[0m

2026-05-04 10:25:57,490 - INFO - Exploring olist_products_dataset.csv...
2026-05-04 10:25:57,490 - INFO - 
==================================================
2026-05-04 10:25:57,491 - INFO - 🔷 📊 SUMMARY OF olist_products_dataset.csv
2026-05-04 10:25:57,491 - INFO - ===============================

2026-05-04 10:25:57,492 - INFO - Shape of olist_products_dataset.csv: (32951, 9)
2026-05-04 10:25:57,520 - INFO - Heading of olist_products_dataset.csv:
                         product_id  product_category_name  product_name_lenght  ...  product_length_cm  product_height_cm  product_width_cm
0  1e9e8ef04dbcff4541ed26657ea517e5             perfumaria                 40.0  ...               16.0               10.0              14.0
1  3aa071139cb16b67ca9e5dea641aaa2f                  artes                 44.0  ...               30.0               18.0              20.0
2  96bd76ec8810374ed1b65e291975717f          esporte_lazer                 46.0  ...               18.0                9.0              15.0
3  cef67bcfe19066a932b7673e239eb23d                  bebes                 27.0  ...               26.0                4.0              26.0
4  9dc1a7de274444849c219cff195d0b71  utilidades_domesticas                 37.0  ...               20.0               17.0              13.0

[5 rows x 9 columns]
2026-05-04 10:25:57,521 - INFO - Columns in olist_products_dataset.csv: ['product_id', 'product_category_name', 'product_name_lenght', 'product_description_lenght', 'product_photos_qty', 'product_weight_g', 'product_length_cm', 'product_height_cm', 'product_width_cm']
2026-05-04 10:25:57,523 - INFO - Data types in olist_products_dataset.csv:
product_id                        str
product_category_name             str
product_name_lenght           float64
product_description_lenght    float64
product_photos_qty            float64
product_weight_g              float64
product_length_cm             float64
product_height_cm             float64
product_width_cm              float64
dtype: object
2026-05-04 10:25:57,535 - INFO - Missing values in olist_products_dataset.csv:
product_id                      0
product_category_name         610
product_name_lenght           610
product_description_lenght    610
product_photos_qty            610
product_weight_g                2
product_length_cm               2
product_height_cm               2
product_width_cm                2
dtype: int64
2026-05-04 10:25:57,535 - INFO - [92m🎉 Data exploration completed for olist_products_dataset.csv.[0m

2026-05-04 10:25:57,558 - INFO - Exploring olist_sellers_dataset.csv...
2026-05-04 10:25:57,558 - INFO - 
==================================================
2026-05-04 10:25:57,559 - INFO - 🔷 📊 SUMMARY OF olist_sellers_dataset.csv
2026-05-04 10:25:57,560 - INFO - ===============================

2026-05-04 10:25:57,560 - INFO - Shape of olist_sellers_dataset.csv: (3095, 4)
2026-05-04 10:25:57,573 - INFO - Heading of olist_sellers_dataset.csv:
                          seller_id  seller_zip_code_prefix        seller_city seller_state
0  3442f8959a84dea7ee197c632cb2df15                   13023           campinas           SP
1  d1b65fc7debc3361ea86b5f14c68d2e2                   13844         mogi guacu           SP
2  ce3ad9de960102d0677a81f5d0bb7b2d                   20031     rio de janeiro           RJ
3  c0f3eea2e14555b6faeea3dd58c1b1c3                    4195          sao paulo           SP
4  51a04a8a6bdcb23deccc82b0b80742cf                   12914  braganca paulista           SP
2026-05-04 10:25:57,574 - INFO - Columns in olist_sellers_dataset.csv: ['seller_id', 'seller_zip_code_prefix', 'seller_city', 'seller_state']
2026-05-04 10:25:57,577 - INFO - Data types in olist_sellers_dataset.csv:
seller_id                   str
seller_zip_code_prefix    int64
seller_city                 str
seller_state                str
dtype: object
2026-05-04 10:25:57,581 - INFO - Missing values in olist_sellers_dataset.csv:
seller_id                 0
seller_zip_code_prefix    0
seller_city               0
seller_state              0
dtype: int64
2026-05-04 10:25:57,581 - INFO - [92m🎉 Data exploration completed for olist_sellers_dataset.csv.[0m

2026-05-04 10:25:57,589 - INFO - Exploring product_category_name_translation.csv...
2026-05-04 10:25:57,589 - INFO - 
==================================================
2026-05-04 10:25:57,590 - INFO - 🔷 📊 SUMMARY OF product_category_name_translation.csv
2026-05-04 10:25:57,590 - INFO - ===============================

2026-05-04 10:25:57,591 - INFO - Shape of product_category_name_translation.csv: (71, 2)
2026-05-04 10:25:57,603 - INFO - Heading of product_category_name_translation.csv:
    product_category_name product_category_name_english
0            beleza_saude                 health_beauty
1  informatica_acessorios         computers_accessories
2              automotivo                          auto
3         cama_mesa_banho                bed_bath_table
4        moveis_decoracao               furniture_decor
2026-05-04 10:25:57,603 - INFO - Columns in product_category_name_translation.csv: ['product_category_name', 'product_category_name_english']
2026-05-04 10:25:57,605 - INFO - Data types in product_category_name_translation.csv:
product_category_name            str
product_category_name_english    str
dtype: object
2026-05-04 10:25:57,607 - INFO - Missing values in product_category_name_translation.csv:
product_category_name            0
product_category_name_english    0
dtype: int64
2026-05-04 10:25:57,608 - INFO - [92m🎉 Data exploration completed for product_category_name_translation.csv.[0m

2026-05-04 10:25:57,611 - INFO - 
=== Summary Table ===
2026-05-04 10:25:57,616 - INFO - 
                                 File    Rows  Columns  Total Nulls
          olist_customers_dataset.csv   99441        5            0
        olist_geolocation_dataset.csv 1000163        5            0
             olist_orders_dataset.csv   99441        8         4908
        olist_order_items_dataset.csv  112650        7            0
     olist_order_payments_dataset.csv  103886        5            0
      olist_order_reviews_dataset.csv   99224        7       145903
           olist_products_dataset.csv   32951        9         2448
            olist_sellers_dataset.csv    3095        4            0
product_category_name_translation.csv      71        2            0

2026-05-04 10:25:57,617 - INFO - ⏱️ Step completed in 5.55s

2026-05-04 10:26:11,998 - INFO - Searching for CSV files in: C:\Users\dell\Desktop\payflow_case_study\data_base\raw_data
2026-05-04 10:26:12,000 - INFO - Found 9 CSV files to process.
2026-05-04 10:26:12,335 - INFO - Exploring olist_customers_dataset.csv...
2026-05-04 10:26:12,336 - INFO - 
==================================================
2026-05-04 10:26:12,336 - INFO - 🔷 📊 SUMMARY OF olist_customers_dataset.csv
2026-05-04 10:26:12,337 - INFO - ===============================

2026-05-04 10:26:12,337 - INFO - Shape of olist_customers_dataset.csv: (99441, 5)
2026-05-04 10:26:12,354 - INFO - Heading of olist_customers_dataset.csv:
                        customer_id                customer_unique_id  customer_zip_code_prefix          customer_city customer_state
0  06b8999e2fba1a1fbc88172c00ba8bc7  861eff4711a542e4b93843c6dd7febb0                     14409                 franca             SP
1  18955e83d337fd6b2def6b18a428ac77  290c77bc529b7ac935b93aa66c333dc3                      9790  sao bernardo do campo             SP
2  4e7b3e00288586ebd08712fdd0374a03  060e732b5b29e8181a18229c7b0b2b5e                      1151              sao paulo             SP
3  b2b6027bc5c5109e529d4dc6358b12c3  259dac757896d24d7702b9acbbff3f3c                      8775        mogi das cruzes             SP
4  4f2d8ab171c80ec8364f7c12e35b23ad  345ecd01c38d18a9036ed96c73b8d066                     13056               campinas             SP
2026-05-04 10:26:12,355 - INFO - Columns in olist_customers_dataset.csv: ['customer_id', 'customer_unique_id', 'customer_zip_code_prefix', 'customer_city', 'customer_state']
2026-05-04 10:26:12,357 - INFO - Data types in olist_customers_dataset.csv:
customer_id                   str
customer_unique_id            str
customer_zip_code_prefix    int64
customer_city                 str
customer_state                str
dtype: object
2026-05-04 10:26:12,394 - INFO - Missing values in olist_customers_dataset.csv:
customer_id                 0
customer_unique_id          0
customer_zip_code_prefix    0
customer_city               0
customer_state              0
dtype: int64
2026-05-04 10:26:12,395 - INFO - [92m🎉 Data exploration completed for olist_customers_dataset.csv.[0m

2026-05-04 10:26:14,240 - INFO - Exploring olist_geolocation_dataset.csv...
2026-05-04 10:26:14,240 - INFO - 
==================================================
2026-05-04 10:26:14,241 - INFO - 🔷 📊 SUMMARY OF olist_geolocation_dataset.csv
2026-05-04 10:26:14,241 - INFO - ===============================

2026-05-04 10:26:14,242 - INFO - Shape of olist_geolocation_dataset.csv: (1000163, 5)
2026-05-04 10:26:14,254 - INFO - Heading of olist_geolocation_dataset.csv:
   geolocation_zip_code_prefix  geolocation_lat  geolocation_lng geolocation_city geolocation_state
0                         1037       -23.545621       -46.639292        sao paulo                SP
1                         1046       -23.546081       -46.644820        sao paulo                SP
2                         1046       -23.546129       -46.642951        sao paulo                SP
3                         1041       -23.544392       -46.639499        sao paulo                SP
4                         1035       -23.541578       -46.641607        sao paulo                SP
2026-05-04 10:26:14,255 - INFO - Columns in olist_geolocation_dataset.csv: ['geolocation_zip_code_prefix', 'geolocation_lat', 'geolocation_lng', 'geolocation_city', 'geolocation_state']
2026-05-04 10:26:14,257 - INFO - Data types in olist_geolocation_dataset.csv:
geolocation_zip_code_prefix      int64
geolocation_lat                float64
geolocation_lng                float64
geolocation_city                   str
geolocation_state                  str
dtype: object
2026-05-04 10:26:14,421 - INFO - Missing values in olist_geolocation_dataset.csv:
geolocation_zip_code_prefix    0
geolocation_lat                0
geolocation_lng                0
geolocation_city               0
geolocation_state              0
dtype: int64
2026-05-04 10:26:14,421 - INFO - [92m🎉 Data exploration completed for olist_geolocation_dataset.csv.[0m

2026-05-04 10:26:15,308 - INFO - Exploring olist_orders_dataset.csv...
2026-05-04 10:26:15,308 - INFO - 
==================================================
2026-05-04 10:26:15,308 - INFO - 🔷 📊 SUMMARY OF olist_orders_dataset.csv
2026-05-04 10:26:15,309 - INFO - ===============================

2026-05-04 10:26:15,309 - INFO - Shape of olist_orders_dataset.csv: (99441, 8)
2026-05-04 10:26:15,328 - INFO - Heading of olist_orders_dataset.csv:
                           order_id                       customer_id  ... order_delivered_customer_date order_estimated_delivery_date
0  e481f51cbdc54678b7cc49136f2d6af7  9ef432eb6251297304e76186b10a928d  ...           2017-10-10 21:25:13           2017-10-18 00:00:00
1  53cdb2fc8bc7dce0b6741e2150273451  b0830fb4747a6c6d20dea0b8c802d7ef  ...           2018-08-07 15:27:45           2018-08-13 00:00:00
2  47770eb9100c2d0c44946d9cf07ec65d  41ce2a54c0b03bf3443c3d931a367089  ...           2018-08-17 18:06:29           2018-09-04 00:00:00
3  949d5b44dbf5de918fe9c16f97b45f8a  f88197465ea7920adcdbec7375364d82  ...           2017-12-02 00:28:42           2017-12-15 00:00:00
4  ad21c59c0840e6cb83a9ceb5573f8159  8ab97904e6daea8866dbdbc4fb7aad2c  ...           2018-02-16 18:17:02           2018-02-26 00:00:00

[5 rows x 8 columns]
2026-05-04 10:26:15,329 - INFO - Columns in olist_orders_dataset.csv: ['order_id', 'customer_id', 'order_status', 'order_purchase_timestamp', 'order_approved_at', 'order_delivered_carrier_date', 'order_delivered_customer_date', 'order_estimated_delivery_date']
2026-05-04 10:26:15,331 - INFO - Data types in olist_orders_dataset.csv:
order_id                         str
customer_id                      str
order_status                     str
order_purchase_timestamp         str
order_approved_at                str
order_delivered_carrier_date     str
order_delivered_customer_date    str
order_estimated_delivery_date    str
dtype: object
2026-05-04 10:26:15,409 - INFO - Missing values in olist_orders_dataset.csv:
order_id                            0
customer_id                         0
order_status                        0
order_purchase_timestamp            0
order_approved_at                 160
order_delivered_carrier_date     1783
order_delivered_customer_date    2965
order_estimated_delivery_date       0
dtype: int64
2026-05-04 10:26:15,411 - INFO - [92m🎉 Data exploration completed for olist_orders_dataset.csv.[0m

2026-05-04 10:26:15,963 - INFO - Exploring olist_order_items_dataset.csv...
2026-05-04 10:26:15,964 - INFO - 
==================================================
2026-05-04 10:26:15,965 - INFO - 🔷 📊 SUMMARY OF olist_order_items_dataset.csv
2026-05-04 10:26:15,965 - INFO - ===============================

2026-05-04 10:26:15,966 - INFO - Shape of olist_order_items_dataset.csv: (112650, 7)
2026-05-04 10:26:15,988 - INFO - Heading of olist_order_items_dataset.csv:
                           order_id  order_item_id                        product_id  ...  shipping_limit_date   price  freight_value
0  00010242fe8c5a6d1ba2dd792cb16214              1  4244733e06e7ecb4970a6e2683c13e61  ...  2017-09-19 09:45:35   58.90          13.29
1  00018f77f2f0320c557190d7a144bdd3              1  e5f2d52b802189ee658865ca93d83a8f  ...  2017-05-03 11:05:13  239.90          19.93
2  000229ec398224ef6ca0657da4fc703e              1  c777355d18b72b67abbeef9df44fd0fd  ...  2018-01-18 14:48:30  199.00          17.87
3  00024acbcdf0a6daa1e931b038114c75              1  7634da152a4610f1595efa32f14722fc  ...  2018-08-15 10:10:18   12.99          12.79
4  00042b26cf59d7ce69dfabb4e55b4fd9              1  ac6c3623068f30de03045865e4e10089  ...  2017-02-13 13:57:51  199.90          18.14

[5 rows x 7 columns]
2026-05-04 10:26:15,989 - INFO - Columns in olist_order_items_dataset.csv: ['order_id', 'order_item_id', 'product_id', 'seller_id', 'shipping_limit_date', 'price', 'freight_value']
2026-05-04 10:26:15,991 - INFO - Data types in olist_order_items_dataset.csv:
order_id                   str
order_item_id            int64
product_id                 str
seller_id                  str
shipping_limit_date        str
price                  float64
freight_value          float64
dtype: object
2026-05-04 10:26:16,037 - INFO - Missing values in olist_order_items_dataset.csv:
order_id               0
order_item_id          0
product_id             0
seller_id              0
shipping_limit_date    0
price                  0
freight_value          0
dtype: int64
2026-05-04 10:26:16,037 - INFO - [92m🎉 Data exploration completed for olist_order_items_dataset.csv.[0m

2026-05-04 10:26:16,313 - INFO - Exploring olist_order_payments_dataset.csv...
2026-05-04 10:26:16,369 - INFO - 
==================================================
2026-05-04 10:26:16,370 - INFO - 🔷 📊 SUMMARY OF olist_order_payments_dataset.csv
2026-05-04 10:26:16,371 - INFO - ===============================

2026-05-04 10:26:16,372 - INFO - Shape of olist_order_payments_dataset.csv: (103886, 5)
2026-05-04 10:26:16,400 - INFO - Heading of olist_order_payments_dataset.csv:
                           order_id  payment_sequential payment_type  payment_installments  payment_value
0  b81ef226f3fe1789b1e8b2acac839d17                   1  credit_card                     8          99.33
1  a9810da82917af2d9aefd1278f1dcfa0                   1  credit_card                     1          24.39
2  25e8ea4e93396b6fa0d3dd708e76c1bd                   1  credit_card                     1          65.71
3  ba78997921bbcdc1373bb41e913ab953                   1  credit_card                     8         107.78
4  42fdf880ba16b47b59251dd489d4441a                   1  credit_card                     2         128.45
2026-05-04 10:26:16,401 - INFO - Columns in olist_order_payments_dataset.csv: ['order_id', 'payment_sequential', 'payment_type', 'payment_installments', 'payment_value']
2026-05-04 10:26:16,405 - INFO - Data types in olist_order_payments_dataset.csv:
order_id                    str
payment_sequential        int64
payment_type                str
payment_installments      int64
payment_value           float64
dtype: object
2026-05-04 10:26:16,444 - INFO - Missing values in olist_order_payments_dataset.csv:
order_id                0
payment_sequential      0
payment_type            0
payment_installments    0
payment_value           0
dtype: int64
2026-05-04 10:26:16,446 - INFO - [92m🎉 Data exploration completed for olist_order_payments_dataset.csv.[0m

2026-05-04 10:26:17,148 - INFO - Exploring olist_order_reviews_dataset.csv...
2026-05-04 10:26:17,149 - INFO - 
==================================================
2026-05-04 10:26:17,149 - INFO - 🔷 📊 SUMMARY OF olist_order_reviews_dataset.csv
2026-05-04 10:26:17,150 - INFO - ===============================

2026-05-04 10:26:17,150 - INFO - Shape of olist_order_reviews_dataset.csv: (99224, 7)
2026-05-04 10:26:17,169 - INFO - Heading of olist_order_reviews_dataset.csv:
                          review_id                          order_id  ...  review_creation_date review_answer_timestamp
0  7bc2406110b926393aa56f80a40eba40  73fc7af87114b39712e6da79b0a377eb  ...   2018-01-18 00:00:00     2018-01-18 21:46:59
1  80e641a11e56f04c1ad469d5645fdfde  a548910a1c6147796b98fdf73dbeba33  ...   2018-03-10 00:00:00     2018-03-11 03:05:13
2  228ce5500dc1d8e020d8d1322874b6f0  f9e4b658b201a9f2ecdecbb34bed034b  ...   2018-02-17 00:00:00     2018-02-18 14:36:24
3  e64fb393e7b32834bb789ff8bb30750e  658677c97b385a9be170737859d3511b  ...   2017-04-21 00:00:00     2017-04-21 22:02:06
4  f7c4243c7fe1938f181bec41a392bdeb  8e6bfb81e283fa7e4f11123a3fb894f1  ...   2018-03-01 00:00:00     2018-03-02 10:26:53

[5 rows x 7 columns]
2026-05-04 10:26:17,169 - INFO - Columns in olist_order_reviews_dataset.csv: ['review_id', 'order_id', 'review_score', 'review_comment_title', 'review_comment_message', 'review_creation_date', 'review_answer_timestamp']
2026-05-04 10:26:17,171 - INFO - Data types in olist_order_reviews_dataset.csv:
review_id                    str
order_id                     str
review_score               int64
review_comment_title         str
review_comment_message       str
review_creation_date         str
review_answer_timestamp      str
dtype: object
2026-05-04 10:26:17,225 - INFO - Missing values in olist_order_reviews_dataset.csv:
review_id                      0
order_id                       0
review_score                   0
review_comment_title       87656
review_comment_message     58247
review_creation_date           0
review_answer_timestamp        0
dtype: int64
2026-05-04 10:26:17,225 - INFO - [92m🎉 Data exploration completed for olist_order_reviews_dataset.csv.[0m

2026-05-04 10:26:17,390 - INFO - Exploring olist_products_dataset.csv...
2026-05-04 10:26:17,390 - INFO - 
==================================================
2026-05-04 10:26:17,391 - INFO - 🔷 📊 SUMMARY OF olist_products_dataset.csv
2026-05-04 10:26:17,391 - INFO - ===============================

2026-05-04 10:26:17,392 - INFO - Shape of olist_products_dataset.csv: (32951, 9)
2026-05-04 10:26:17,421 - INFO - Heading of olist_products_dataset.csv:
                         product_id  product_category_name  product_name_lenght  ...  product_length_cm  product_height_cm  product_width_cm
0  1e9e8ef04dbcff4541ed26657ea517e5             perfumaria                 40.0  ...               16.0               10.0              14.0
1  3aa071139cb16b67ca9e5dea641aaa2f                  artes                 44.0  ...               30.0               18.0              20.0
2  96bd76ec8810374ed1b65e291975717f          esporte_lazer                 46.0  ...               18.0                9.0              15.0
3  cef67bcfe19066a932b7673e239eb23d                  bebes                 27.0  ...               26.0                4.0              26.0
4  9dc1a7de274444849c219cff195d0b71  utilidades_domesticas                 37.0  ...               20.0               17.0              13.0

[5 rows x 9 columns]
2026-05-04 10:26:17,422 - INFO - Columns in olist_products_dataset.csv: ['product_id', 'product_category_name', 'product_name_lenght', 'product_description_lenght', 'product_photos_qty', 'product_weight_g', 'product_length_cm', 'product_height_cm', 'product_width_cm']
2026-05-04 10:26:17,440 - INFO - Data types in olist_products_dataset.csv:
product_id                        str
product_category_name             str
product_name_lenght           float64
product_description_lenght    float64
product_photos_qty            float64
product_weight_g              float64
product_length_cm             float64
product_height_cm             float64
product_width_cm              float64
dtype: object
2026-05-04 10:26:17,455 - INFO - Missing values in olist_products_dataset.csv:
product_id                      0
product_category_name         610
product_name_lenght           610
product_description_lenght    610
product_photos_qty            610
product_weight_g                2
product_length_cm               2
product_height_cm               2
product_width_cm                2
dtype: int64
2026-05-04 10:26:17,456 - INFO - [92m🎉 Data exploration completed for olist_products_dataset.csv.[0m

2026-05-04 10:26:17,490 - INFO - Exploring olist_sellers_dataset.csv...
2026-05-04 10:26:17,490 - INFO - 
==================================================
2026-05-04 10:26:17,491 - INFO - 🔷 📊 SUMMARY OF olist_sellers_dataset.csv
2026-05-04 10:26:17,491 - INFO - ===============================

2026-05-04 10:26:17,492 - INFO - Shape of olist_sellers_dataset.csv: (3095, 4)
2026-05-04 10:26:17,512 - INFO - Heading of olist_sellers_dataset.csv:
                          seller_id  seller_zip_code_prefix        seller_city seller_state
0  3442f8959a84dea7ee197c632cb2df15                   13023           campinas           SP
1  d1b65fc7debc3361ea86b5f14c68d2e2                   13844         mogi guacu           SP
2  ce3ad9de960102d0677a81f5d0bb7b2d                   20031     rio de janeiro           RJ
3  c0f3eea2e14555b6faeea3dd58c1b1c3                    4195          sao paulo           SP
4  51a04a8a6bdcb23deccc82b0b80742cf                   12914  braganca paulista           SP
2026-05-04 10:26:17,513 - INFO - Columns in olist_sellers_dataset.csv: ['seller_id', 'seller_zip_code_prefix', 'seller_city', 'seller_state']
2026-05-04 10:26:17,515 - INFO - Data types in olist_sellers_dataset.csv:
seller_id                   str
seller_zip_code_prefix    int64
seller_city                 str
seller_state                str
dtype: object
2026-05-04 10:26:17,520 - INFO - Missing values in olist_sellers_dataset.csv:
seller_id                 0
seller_zip_code_prefix    0
seller_city               0
seller_state              0
dtype: int64
2026-05-04 10:26:17,521 - INFO - [92m🎉 Data exploration completed for olist_sellers_dataset.csv.[0m

2026-05-04 10:26:17,527 - INFO - Exploring product_category_name_translation.csv...
2026-05-04 10:26:17,527 - INFO - 
==================================================
2026-05-04 10:26:17,528 - INFO - 🔷 📊 SUMMARY OF product_category_name_translation.csv
2026-05-04 10:26:17,530 - INFO - ===============================

2026-05-04 10:26:17,531 - INFO - Shape of product_category_name_translation.csv: (71, 2)
2026-05-04 10:26:17,543 - INFO - Heading of product_category_name_translation.csv:
    product_category_name product_category_name_english
0            beleza_saude                 health_beauty
1  informatica_acessorios         computers_accessories
2              automotivo                          auto
3         cama_mesa_banho                bed_bath_table
4        moveis_decoracao               furniture_decor
2026-05-04 10:26:17,544 - INFO - Columns in product_category_name_translation.csv: ['product_category_name', 'product_category_name_english']
2026-05-04 10:26:17,545 - INFO - Data types in product_category_name_translation.csv:
product_category_name            str
product_category_name_english    str
dtype: object
2026-05-04 10:26:17,548 - INFO - Missing values in product_category_name_translation.csv:
product_category_name            0
product_category_name_english    0
dtype: int64
2026-05-04 10:26:17,549 - INFO - [92m🎉 Data exploration completed for product_category_name_translation.csv.[0m

2026-05-04 10:26:17,553 - INFO - 
=== Summary Table ===
2026-05-04 10:26:17,556 - INFO - 
                                 File    Rows  Columns  Total Nulls
          olist_customers_dataset.csv   99441        5            0
        olist_geolocation_dataset.csv 1000163        5            0
             olist_orders_dataset.csv   99441        8         4908
        olist_order_items_dataset.csv  112650        7            0
     olist_order_payments_dataset.csv  103886        5            0
      olist_order_reviews_dataset.csv   99224        7       145903
           olist_products_dataset.csv   32951        9         2448
            olist_sellers_dataset.csv    3095        4            0
product_category_name_translation.csv      71        2            0

2026-05-04 10:26:17,556 - INFO - ⏱️ Step completed in 5.56s

2026-05-04 10:28:20,039 - INFO - Searching for CSV files in: C:\Users\dell\Desktop\payflow_case_study\data_base\raw_data
2026-05-04 10:28:20,043 - INFO - Found 9 CSV files to process.
2026-05-04 10:28:20,637 - INFO - Exploring olist_customers_dataset.csv...
2026-05-04 10:28:20,644 - INFO - 
==================================================
2026-05-04 10:28:20,647 - INFO - 🔷 📊 SUMMARY OF olist_customers_dataset.csv
2026-05-04 10:28:20,650 - INFO - ===============================

2026-05-04 10:28:20,652 - INFO - Shape of olist_customers_dataset.csv: (99441, 5)
2026-05-04 10:28:20,697 - INFO - Heading of olist_customers_dataset.csv:
                        customer_id                customer_unique_id  customer_zip_code_prefix          customer_city customer_state
0  06b8999e2fba1a1fbc88172c00ba8bc7  861eff4711a542e4b93843c6dd7febb0                     14409                 franca             SP
1  18955e83d337fd6b2def6b18a428ac77  290c77bc529b7ac935b93aa66c333dc3                      9790  sao bernardo do campo             SP
2  4e7b3e00288586ebd08712fdd0374a03  060e732b5b29e8181a18229c7b0b2b5e                      1151              sao paulo             SP
3  b2b6027bc5c5109e529d4dc6358b12c3  259dac757896d24d7702b9acbbff3f3c                      8775        mogi das cruzes             SP
4  4f2d8ab171c80ec8364f7c12e35b23ad  345ecd01c38d18a9036ed96c73b8d066                     13056               campinas             SP
2026-05-04 10:28:20,698 - INFO - Columns in olist_customers_dataset.csv: ['customer_id', 'customer_unique_id', 'customer_zip_code_prefix', 'customer_city', 'customer_state']
2026-05-04 10:28:20,750 - INFO - Data types in olist_customers_dataset.csv:
customer_id                   str
customer_unique_id            str
customer_zip_code_prefix    int64
customer_city                 str
customer_state                str
dtype: object
2026-05-04 10:28:20,798 - INFO - Missing values in olist_customers_dataset.csv:
customer_id                 0
customer_unique_id          0
customer_zip_code_prefix    0
customer_city               0
customer_state              0
dtype: int64
2026-05-04 10:28:20,798 - INFO - [92m🎉 Data exploration completed for olist_customers_dataset.csv.[0m

2026-05-04 10:28:22,688 - INFO - Exploring olist_geolocation_dataset.csv...
2026-05-04 10:28:22,688 - INFO - 
==================================================
2026-05-04 10:28:22,689 - INFO - 🔷 📊 SUMMARY OF olist_geolocation_dataset.csv
2026-05-04 10:28:22,689 - INFO - ===============================

2026-05-04 10:28:22,690 - INFO - Shape of olist_geolocation_dataset.csv: (1000163, 5)
2026-05-04 10:28:22,705 - INFO - Heading of olist_geolocation_dataset.csv:
   geolocation_zip_code_prefix  geolocation_lat  geolocation_lng geolocation_city geolocation_state
0                         1037       -23.545621       -46.639292        sao paulo                SP
1                         1046       -23.546081       -46.644820        sao paulo                SP
2                         1046       -23.546129       -46.642951        sao paulo                SP
3                         1041       -23.544392       -46.639499        sao paulo                SP
4                         1035       -23.541578       -46.641607        sao paulo                SP
2026-05-04 10:28:22,706 - INFO - Columns in olist_geolocation_dataset.csv: ['geolocation_zip_code_prefix', 'geolocation_lat', 'geolocation_lng', 'geolocation_city', 'geolocation_state']
2026-05-04 10:28:22,708 - INFO - Data types in olist_geolocation_dataset.csv:
geolocation_zip_code_prefix      int64
geolocation_lat                float64
geolocation_lng                float64
geolocation_city                   str
geolocation_state                  str
dtype: object
2026-05-04 10:28:22,968 - INFO - Missing values in olist_geolocation_dataset.csv:
geolocation_zip_code_prefix    0
geolocation_lat                0
geolocation_lng                0
geolocation_city               0
geolocation_state              0
dtype: int64
2026-05-04 10:28:22,982 - INFO - [92m🎉 Data exploration completed for olist_geolocation_dataset.csv.[0m

2026-05-04 10:28:24,166 - INFO - Exploring olist_orders_dataset.csv...
2026-05-04 10:28:24,167 - INFO - 
==================================================
2026-05-04 10:28:24,167 - INFO - 🔷 📊 SUMMARY OF olist_orders_dataset.csv
2026-05-04 10:28:24,168 - INFO - ===============================

2026-05-04 10:28:24,168 - INFO - Shape of olist_orders_dataset.csv: (99441, 8)
2026-05-04 10:28:24,191 - INFO - Heading of olist_orders_dataset.csv:
                           order_id                       customer_id  ... order_delivered_customer_date order_estimated_delivery_date
0  e481f51cbdc54678b7cc49136f2d6af7  9ef432eb6251297304e76186b10a928d  ...           2017-10-10 21:25:13           2017-10-18 00:00:00
1  53cdb2fc8bc7dce0b6741e2150273451  b0830fb4747a6c6d20dea0b8c802d7ef  ...           2018-08-07 15:27:45           2018-08-13 00:00:00
2  47770eb9100c2d0c44946d9cf07ec65d  41ce2a54c0b03bf3443c3d931a367089  ...           2018-08-17 18:06:29           2018-09-04 00:00:00
3  949d5b44dbf5de918fe9c16f97b45f8a  f88197465ea7920adcdbec7375364d82  ...           2017-12-02 00:28:42           2017-12-15 00:00:00
4  ad21c59c0840e6cb83a9ceb5573f8159  8ab97904e6daea8866dbdbc4fb7aad2c  ...           2018-02-16 18:17:02           2018-02-26 00:00:00

[5 rows x 8 columns]
2026-05-04 10:28:24,192 - INFO - Columns in olist_orders_dataset.csv: ['order_id', 'customer_id', 'order_status', 'order_purchase_timestamp', 'order_approved_at', 'order_delivered_carrier_date', 'order_delivered_customer_date', 'order_estimated_delivery_date']
2026-05-04 10:28:24,194 - INFO - Data types in olist_orders_dataset.csv:
order_id                         str
customer_id                      str
order_status                     str
order_purchase_timestamp         str
order_approved_at                str
order_delivered_carrier_date     str
order_delivered_customer_date    str
order_estimated_delivery_date    str
dtype: object
2026-05-04 10:28:24,271 - INFO - Missing values in olist_orders_dataset.csv:
order_id                            0
customer_id                         0
order_status                        0
order_purchase_timestamp            0
order_approved_at                 160
order_delivered_carrier_date     1783
order_delivered_customer_date    2965
order_estimated_delivery_date       0
dtype: int64
2026-05-04 10:28:24,272 - INFO - [92m🎉 Data exploration completed for olist_orders_dataset.csv.[0m

2026-05-04 10:28:24,812 - INFO - Exploring olist_order_items_dataset.csv...
2026-05-04 10:28:24,812 - INFO - 
==================================================
2026-05-04 10:28:24,813 - INFO - 🔷 📊 SUMMARY OF olist_order_items_dataset.csv
2026-05-04 10:28:24,813 - INFO - ===============================

2026-05-04 10:28:24,814 - INFO - Shape of olist_order_items_dataset.csv: (112650, 7)
2026-05-04 10:28:24,835 - INFO - Heading of olist_order_items_dataset.csv:
                           order_id  order_item_id                        product_id  ...  shipping_limit_date   price  freight_value
0  00010242fe8c5a6d1ba2dd792cb16214              1  4244733e06e7ecb4970a6e2683c13e61  ...  2017-09-19 09:45:35   58.90          13.29
1  00018f77f2f0320c557190d7a144bdd3              1  e5f2d52b802189ee658865ca93d83a8f  ...  2017-05-03 11:05:13  239.90          19.93
2  000229ec398224ef6ca0657da4fc703e              1  c777355d18b72b67abbeef9df44fd0fd  ...  2018-01-18 14:48:30  199.00          17.87
3  00024acbcdf0a6daa1e931b038114c75              1  7634da152a4610f1595efa32f14722fc  ...  2018-08-15 10:10:18   12.99          12.79
4  00042b26cf59d7ce69dfabb4e55b4fd9              1  ac6c3623068f30de03045865e4e10089  ...  2017-02-13 13:57:51  199.90          18.14

[5 rows x 7 columns]
2026-05-04 10:28:24,835 - INFO - Columns in olist_order_items_dataset.csv: ['order_id', 'order_item_id', 'product_id', 'seller_id', 'shipping_limit_date', 'price', 'freight_value']
2026-05-04 10:28:24,837 - INFO - Data types in olist_order_items_dataset.csv:
order_id                   str
order_item_id            int64
product_id                 str
seller_id                  str
shipping_limit_date        str
price                  float64
freight_value          float64
dtype: object
2026-05-04 10:28:24,883 - INFO - Missing values in olist_order_items_dataset.csv:
order_id               0
order_item_id          0
product_id             0
seller_id              0
shipping_limit_date    0
price                  0
freight_value          0
dtype: int64
2026-05-04 10:28:24,883 - INFO - [92m🎉 Data exploration completed for olist_order_items_dataset.csv.[0m

2026-05-04 10:28:25,140 - INFO - Exploring olist_order_payments_dataset.csv...
2026-05-04 10:28:25,140 - INFO - 
==================================================
2026-05-04 10:28:25,141 - INFO - 🔷 📊 SUMMARY OF olist_order_payments_dataset.csv
2026-05-04 10:28:25,141 - INFO - ===============================

2026-05-04 10:28:25,142 - INFO - Shape of olist_order_payments_dataset.csv: (103886, 5)
2026-05-04 10:28:25,156 - INFO - Heading of olist_order_payments_dataset.csv:
                           order_id  payment_sequential payment_type  payment_installments  payment_value
0  b81ef226f3fe1789b1e8b2acac839d17                   1  credit_card                     8          99.33
1  a9810da82917af2d9aefd1278f1dcfa0                   1  credit_card                     1          24.39
2  25e8ea4e93396b6fa0d3dd708e76c1bd                   1  credit_card                     1          65.71
3  ba78997921bbcdc1373bb41e913ab953                   1  credit_card                     8         107.78
4  42fdf880ba16b47b59251dd489d4441a                   1  credit_card                     2         128.45
2026-05-04 10:28:25,157 - INFO - Columns in olist_order_payments_dataset.csv: ['order_id', 'payment_sequential', 'payment_type', 'payment_installments', 'payment_value']
2026-05-04 10:28:25,159 - INFO - Data types in olist_order_payments_dataset.csv:
order_id                    str
payment_sequential        int64
payment_type                str
payment_installments      int64
payment_value           float64
dtype: object
2026-05-04 10:28:25,182 - INFO - Missing values in olist_order_payments_dataset.csv:
order_id                0
payment_sequential      0
payment_type            0
payment_installments    0
payment_value           0
dtype: int64
2026-05-04 10:28:25,183 - INFO - [92m🎉 Data exploration completed for olist_order_payments_dataset.csv.[0m

2026-05-04 10:28:26,050 - INFO - Exploring olist_order_reviews_dataset.csv...
2026-05-04 10:28:26,050 - INFO - 
==================================================
2026-05-04 10:28:26,051 - INFO - 🔷 📊 SUMMARY OF olist_order_reviews_dataset.csv
2026-05-04 10:28:26,052 - INFO - ===============================

2026-05-04 10:28:26,052 - INFO - Shape of olist_order_reviews_dataset.csv: (99224, 7)
2026-05-04 10:28:26,072 - INFO - Heading of olist_order_reviews_dataset.csv:
                          review_id                          order_id  ...  review_creation_date review_answer_timestamp
0  7bc2406110b926393aa56f80a40eba40  73fc7af87114b39712e6da79b0a377eb  ...   2018-01-18 00:00:00     2018-01-18 21:46:59
1  80e641a11e56f04c1ad469d5645fdfde  a548910a1c6147796b98fdf73dbeba33  ...   2018-03-10 00:00:00     2018-03-11 03:05:13
2  228ce5500dc1d8e020d8d1322874b6f0  f9e4b658b201a9f2ecdecbb34bed034b  ...   2018-02-17 00:00:00     2018-02-18 14:36:24
3  e64fb393e7b32834bb789ff8bb30750e  658677c97b385a9be170737859d3511b  ...   2017-04-21 00:00:00     2017-04-21 22:02:06
4  f7c4243c7fe1938f181bec41a392bdeb  8e6bfb81e283fa7e4f11123a3fb894f1  ...   2018-03-01 00:00:00     2018-03-02 10:26:53

[5 rows x 7 columns]
2026-05-04 10:28:26,073 - INFO - Columns in olist_order_reviews_dataset.csv: ['review_id', 'order_id', 'review_score', 'review_comment_title', 'review_comment_message', 'review_creation_date', 'review_answer_timestamp']
2026-05-04 10:28:26,074 - INFO - Data types in olist_order_reviews_dataset.csv:
review_id                    str
order_id                     str
review_score               int64
review_comment_title         str
review_comment_message       str
review_creation_date         str
review_answer_timestamp      str
dtype: object
2026-05-04 10:28:26,137 - INFO - Missing values in olist_order_reviews_dataset.csv:
review_id                      0
order_id                       0
review_score                   0
review_comment_title       87656
review_comment_message     58247
review_creation_date           0
review_answer_timestamp        0
dtype: int64
2026-05-04 10:28:26,137 - INFO - [92m🎉 Data exploration completed for olist_order_reviews_dataset.csv.[0m

2026-05-04 10:28:26,330 - INFO - Exploring olist_products_dataset.csv...
2026-05-04 10:28:26,331 - INFO - 
==================================================
2026-05-04 10:28:26,331 - INFO - 🔷 📊 SUMMARY OF olist_products_dataset.csv
2026-05-04 10:28:26,332 - INFO - ===============================

2026-05-04 10:28:26,332 - INFO - Shape of olist_products_dataset.csv: (32951, 9)
2026-05-04 10:28:26,363 - INFO - Heading of olist_products_dataset.csv:
                         product_id  product_category_name  product_name_lenght  ...  product_length_cm  product_height_cm  product_width_cm
0  1e9e8ef04dbcff4541ed26657ea517e5             perfumaria                 40.0  ...               16.0               10.0              14.0
1  3aa071139cb16b67ca9e5dea641aaa2f                  artes                 44.0  ...               30.0               18.0              20.0
2  96bd76ec8810374ed1b65e291975717f          esporte_lazer                 46.0  ...               18.0                9.0              15.0
3  cef67bcfe19066a932b7673e239eb23d                  bebes                 27.0  ...               26.0                4.0              26.0
4  9dc1a7de274444849c219cff195d0b71  utilidades_domesticas                 37.0  ...               20.0               17.0              13.0

[5 rows x 9 columns]
2026-05-04 10:28:26,364 - INFO - Columns in olist_products_dataset.csv: ['product_id', 'product_category_name', 'product_name_lenght', 'product_description_lenght', 'product_photos_qty', 'product_weight_g', 'product_length_cm', 'product_height_cm', 'product_width_cm']
2026-05-04 10:28:26,366 - INFO - Data types in olist_products_dataset.csv:
product_id                        str
product_category_name             str
product_name_lenght           float64
product_description_lenght    float64
product_photos_qty            float64
product_weight_g              float64
product_length_cm             float64
product_height_cm             float64
product_width_cm              float64
dtype: object
2026-05-04 10:28:26,378 - INFO - Missing values in olist_products_dataset.csv:
product_id                      0
product_category_name         610
product_name_lenght           610
product_description_lenght    610
product_photos_qty            610
product_weight_g                2
product_length_cm               2
product_height_cm               2
product_width_cm                2
dtype: int64
2026-05-04 10:28:26,379 - INFO - [92m🎉 Data exploration completed for olist_products_dataset.csv.[0m

2026-05-04 10:28:26,403 - INFO - Exploring olist_sellers_dataset.csv...
2026-05-04 10:28:26,403 - INFO - 
==================================================
2026-05-04 10:28:26,404 - INFO - 🔷 📊 SUMMARY OF olist_sellers_dataset.csv
2026-05-04 10:28:26,404 - INFO - ===============================

2026-05-04 10:28:26,405 - INFO - Shape of olist_sellers_dataset.csv: (3095, 4)
2026-05-04 10:28:26,417 - INFO - Heading of olist_sellers_dataset.csv:
                          seller_id  seller_zip_code_prefix        seller_city seller_state
0  3442f8959a84dea7ee197c632cb2df15                   13023           campinas           SP
1  d1b65fc7debc3361ea86b5f14c68d2e2                   13844         mogi guacu           SP
2  ce3ad9de960102d0677a81f5d0bb7b2d                   20031     rio de janeiro           RJ
3  c0f3eea2e14555b6faeea3dd58c1b1c3                    4195          sao paulo           SP
4  51a04a8a6bdcb23deccc82b0b80742cf                   12914  braganca paulista           SP
2026-05-04 10:28:26,418 - INFO - Columns in olist_sellers_dataset.csv: ['seller_id', 'seller_zip_code_prefix', 'seller_city', 'seller_state']
2026-05-04 10:28:26,420 - INFO - Data types in olist_sellers_dataset.csv:
seller_id                   str
seller_zip_code_prefix    int64
seller_city                 str
seller_state                str
dtype: object
2026-05-04 10:28:26,422 - INFO - Missing values in olist_sellers_dataset.csv:
seller_id                 0
seller_zip_code_prefix    0
seller_city               0
seller_state              0
dtype: int64
2026-05-04 10:28:26,423 - INFO - [92m🎉 Data exploration completed for olist_sellers_dataset.csv.[0m

2026-05-04 10:28:26,430 - INFO - Exploring product_category_name_translation.csv...
2026-05-04 10:28:26,430 - INFO - 
==================================================
2026-05-04 10:28:26,431 - INFO - 🔷 📊 SUMMARY OF product_category_name_translation.csv
2026-05-04 10:28:26,431 - INFO - ===============================

2026-05-04 10:28:26,432 - INFO - Shape of product_category_name_translation.csv: (71, 2)
2026-05-04 10:28:26,439 - INFO - Heading of product_category_name_translation.csv:
    product_category_name product_category_name_english
0            beleza_saude                 health_beauty
1  informatica_acessorios         computers_accessories
2              automotivo                          auto
3         cama_mesa_banho                bed_bath_table
4        moveis_decoracao               furniture_decor
2026-05-04 10:28:26,440 - INFO - Columns in product_category_name_translation.csv: ['product_category_name', 'product_category_name_english']
2026-05-04 10:28:26,442 - INFO - Data types in product_category_name_translation.csv:
product_category_name            str
product_category_name_english    str
dtype: object
2026-05-04 10:28:26,444 - INFO - Missing values in product_category_name_translation.csv:
product_category_name            0
product_category_name_english    0
dtype: int64
2026-05-04 10:28:26,445 - INFO - [92m🎉 Data exploration completed for product_category_name_translation.csv.[0m

2026-05-04 10:28:26,448 - INFO - 
=== Summary Table ===
2026-05-04 10:28:26,451 - INFO - 
                                 File    Rows  Columns  Total Nulls
          olist_customers_dataset.csv   99441        5            0
        olist_geolocation_dataset.csv 1000163        5            0
             olist_orders_dataset.csv   99441        8         4908
        olist_order_items_dataset.csv  112650        7            0
     olist_order_payments_dataset.csv  103886        5            0
      olist_order_reviews_dataset.csv   99224        7       145903
           olist_products_dataset.csv   32951        9         2448
            olist_sellers_dataset.csv    3095        4            0
product_category_name_translation.csv      71        2            0

2026-05-04 10:28:26,451 - INFO - ⏱️ Step completed in 6.41s

2026-05-04 10:31:34,352 - INFO - 
🚀 Starting Full Pipeline Run (wipe → extract → transform → analytics load)

2026-05-04 10:31:34,354 - INFO - 
======================================================================
2026-05-04 10:31:34,355 - INFO - 🔷 WIPING DATA
2026-05-04 10:31:34,356 - INFO - ======================================================================

2026-05-04 10:31:41,037 - INFO - 🗑️ Deleted folder: C:\Users\dell\Desktop\payflow_case_study\data_base\cleaned_data
2026-05-04 10:31:41,115 - INFO - 🗑️ Deleted folder: C:\Users\dell\Desktop\payflow_case_study\data_base\raw_data
2026-05-04 10:31:42,545 - INFO - Dropping analytics schema...
2026-05-04 10:31:43,232 - INFO - 🧹 Analytics schema reset successfully.
2026-05-04 10:31:43,235 - INFO - Dropping staging schema...
2026-05-04 10:31:43,437 - INFO - 🧹 Staging schema reset successfully.
2026-05-04 10:31:43,437 - INFO - ✨ Wipe completed for mode: all
2026-05-04 10:31:43,438 - INFO - ⏱️ Step completed in 2.43s

2026-05-04 10:31:43,662 - INFO - ✔️  WIPING DATA completed successfully

2026-05-04 10:31:43,663 - INFO - 
======================================================================
2026-05-04 10:31:43,664 - INFO - 🔷 EXTRACTING RAW DATA
2026-05-04 10:31:43,665 - INFO - ======================================================================

2026-05-04 10:31:46,398 - ERROR - ❌ EXTRACTING RAW DATA FAILED
2026-05-04 10:38:58,208 - INFO - 
🚀 Starting Full Pipeline Run (wipe → extract → transform → analytics load)

2026-05-04 10:38:58,209 - INFO - 
======================================================================
2026-05-04 10:38:58,211 - INFO - 🔷 WIPING DATA
2026-05-04 10:38:58,212 - INFO - ======================================================================

2026-05-04 10:38:59,602 - INFO - ⚠️ Folder not found (skipped): C:\Users\dell\Desktop\payflow_case_study\data_base\cleaned_data
2026-05-04 10:38:59,603 - INFO - ⚠️ Folder not found (skipped): C:\Users\dell\Desktop\payflow_case_study\data_base\raw_data
2026-05-04 10:38:59,738 - INFO - Dropping analytics schema...
2026-05-04 10:38:59,874 - INFO - 🧹 Analytics schema reset successfully.
2026-05-04 10:38:59,877 - INFO - Dropping staging schema...
2026-05-04 10:38:59,995 - INFO - 🧹 Staging schema reset successfully.
2026-05-04 10:38:59,995 - INFO - ✨ Wipe completed for mode: all
2026-05-04 10:38:59,996 - INFO - ⏱️ Step completed in 0.39s

2026-05-04 10:39:00,299 - INFO - ✔️  WIPING DATA completed successfully

2026-05-04 10:39:00,300 - INFO - 
======================================================================
2026-05-04 10:39:00,301 - INFO - 🔷 EXTRACTING RAW DATA
2026-05-04 10:39:00,302 - INFO - ======================================================================

2026-05-04 10:39:02,300 - INFO - 
==================================================
2026-05-04 10:39:02,301 - INFO - 🔷 🚀 STARTING EXTRACT PIPELINE
2026-05-04 10:39:02,301 - INFO - ===============================

2026-05-04 10:39:02,302 - INFO - Data directory created.
2026-05-04 10:39:02,303 - INFO - Starting dataset download...
2026-05-04 10:39:24,161 - INFO - [92m🎉 Download completed successfully.[0m

2026-05-04 10:39:24,162 - INFO - Extracting dataset...
2026-05-04 10:39:25,743 - INFO - [92m🎉 Extraction completed successfully.[0m

2026-05-04 10:39:25,743 - INFO - Validating extracted files...
2026-05-04 10:39:29,864 - INFO - Customers:99,441
2026-05-04 10:39:29,865 - INFO - Sellers:3,095
2026-05-04 10:39:29,865 - INFO - Items:112,650
2026-05-04 10:39:29,865 - INFO - Products:32,951
2026-05-04 10:39:29,866 - INFO - Categories:71
2026-05-04 10:39:29,866 - INFO - Reviews:99,224
2026-05-04 10:39:29,867 - INFO - Orders:99,441
2026-05-04 10:39:29,867 - INFO - Geo Location:1,000,163
2026-05-04 10:39:29,867 - INFO - [92m🎉 Data validation completed successfully.[0m

2026-05-04 10:39:29,956 - INFO - [92m🎉 Pipeline completed successfully.[0m

2026-05-04 10:39:29,956 - INFO - ⏱️ Step completed in 27.66s

2026-05-04 10:39:30,171 - INFO - ✔️  EXTRACTING RAW DATA completed successfully

2026-05-04 10:39:30,172 - INFO - 
======================================================================
2026-05-04 10:39:30,173 - INFO - 🔷 RUNNING CLEAN PIPELINE
2026-05-04 10:39:30,173 - INFO - ======================================================================

2026-05-04 10:41:15,911 - INFO - ✔️  RUNNING CLEAN PIPELINE completed successfully

2026-05-04 10:41:15,911 - INFO - 
======================================================================
2026-05-04 10:41:15,912 - INFO - 🔷 RUNNING ANALYTICS LOADER
2026-05-04 10:41:15,912 - INFO - ======================================================================

2026-05-04 10:41:19,018 - INFO - 🚀 Starting analytics star schema transform...
2026-05-04 10:41:19,019 - INFO - 
==================================================
2026-05-04 10:41:19,021 - INFO - 🔷 🧨 RESETTING ANALYTICS SCHEMA
2026-05-04 10:41:19,023 - INFO - ===============================

2026-05-04 10:41:19,317 - INFO - Analytics schema reset complete.
2026-05-04 10:41:19,317 - INFO - 
==================================================
2026-05-04 10:41:19,318 - INFO - 🔷 📥 LOADING STAGING TABLES
2026-05-04 10:41:19,318 - INFO - ===============================

2026-05-04 10:41:23,953 - INFO - customers_clean shape: (99441, 6)
2026-05-04 10:41:23,954 - INFO - products_clean shape: (32951, 2)
2026-05-04 10:41:23,955 - INFO - merchants_clean shape: (3095, 5)
2026-05-04 10:41:23,956 - INFO - transactions_clean shape: (117601, 15)
2026-05-04 10:41:23,956 - INFO - 
==================================================
2026-05-04 10:41:23,957 - INFO - 🔷 🧱 BUILDING dim_customer
2026-05-04 10:41:23,958 - INFO - ===============================

2026-05-04 10:41:23,959 - INFO - Schema validation passed.
2026-05-04 10:41:24,980 - INFO - dim_customer shape: (99441, 7)
2026-05-04 10:41:24,981 - INFO - 
==================================================
2026-05-04 10:41:24,981 - INFO - 🔷 🧱 BUILDING dim_merchant
2026-05-04 10:41:24,982 - INFO - ===============================

2026-05-04 10:41:24,982 - INFO - Schema validation passed.
2026-05-04 10:41:25,029 - INFO - dim_merchant shape: (3095, 6)
2026-05-04 10:41:25,029 - INFO - 
==================================================
2026-05-04 10:41:25,030 - INFO - 🔷 🧱 BUILDING dim_product
2026-05-04 10:41:25,030 - INFO - ===============================

2026-05-04 10:41:25,031 - INFO - Schema validation passed.
2026-05-04 10:41:25,207 - INFO - dim_product shape: (32951, 3)
2026-05-04 10:41:25,207 - INFO - 
==================================================
2026-05-04 10:41:25,208 - INFO - 🔷 🧱 BUILDING dim_payment_type
2026-05-04 10:41:25,209 - INFO - ===============================

2026-05-04 10:41:25,209 - INFO - Schema validation passed.
2026-05-04 10:41:25,442 - INFO - dim_payment_type shape: (4, 2)
2026-05-04 10:41:25,443 - INFO - 
==================================================
2026-05-04 10:41:25,443 - INFO - 🔷 🧱 BUILDING dim_date
2026-05-04 10:41:25,444 - INFO - ===============================

2026-05-04 10:41:25,444 - INFO - Schema validation passed.
2026-05-04 10:41:26,581 - INFO - dim_date shape: (714, 11)
2026-05-04 10:41:38,433 - INFO - Loaded dim_customer into analytics schema.
2026-05-04 10:41:38,683 - INFO - Loaded dim_merchant into analytics schema.
2026-05-04 10:41:40,042 - INFO - Loaded dim_product into analytics schema.
2026-05-04 10:41:40,061 - INFO - Loaded dim_payment_type into analytics schema.
2026-05-04 10:41:40,189 - INFO - Loaded dim_date into analytics schema.
2026-05-04 10:41:40,190 - INFO - 
==================================================
2026-05-04 10:41:40,191 - INFO - 🔷 📊 BUILDING fact_orders
2026-05-04 10:41:40,191 - INFO - ===============================

2026-05-04 10:41:40,192 - INFO - Schema validation passed.
2026-05-04 10:42:05,956 - INFO - fact_orders shape: (98665, 19)
2026-05-04 10:42:37,175 - INFO - Loaded fact_orders into analytics schema.
2026-05-04 10:42:37,176 - INFO - 
==================================================
2026-05-04 10:42:37,177 - INFO - 🔷 📊 BUILDING fact_order_items
2026-05-04 10:42:37,177 - INFO - ===============================

2026-05-04 10:42:37,178 - INFO - Schema validation passed.
2026-05-04 10:42:37,934 - INFO - fact_order_items shape: (117601, 13)
2026-05-04 10:43:06,375 - INFO - Loaded fact_order_items into analytics schema.
2026-05-04 10:43:06,375 - INFO - 
==================================================
2026-05-04 10:43:06,376 - INFO - 🔷 📊 BUILDING fact_payments
2026-05-04 10:43:06,377 - INFO - ===============================

2026-05-04 10:43:06,377 - INFO - Schema validation passed.
2026-05-04 10:43:07,146 - INFO - fact_payments shape: (117601, 10)
2026-05-04 10:43:26,413 - INFO - Loaded fact_payments into analytics schema.
2026-05-04 10:43:26,413 - INFO - Total rows across all tables: 470,072
2026-05-04 10:43:26,414 - INFO - 🎉[92m Star schema transform completed successfully.[0m

2026-05-04 10:43:26,644 - INFO - ⏱️ Step completed in 127.63s

2026-05-04 10:43:27,097 - INFO - ✔️  RUNNING ANALYTICS LOADER completed successfully

2026-05-04 10:43:27,098 - INFO - [92m🎉 FULL PIPELINE COMPLETED SUCCESSFULLY![0m

2026-05-04 10:43:27,099 - INFO - ⏱️ Step completed in 268.89s

